"id","created_at","text","media_url"
"917103079916474369","2017-10-08 19:03:07","RT @AnnaMcNuff: Introducing the #AdventureQueen Grant - supported by @Arcteryx. ¬£2,000 towards your adventure. Ladies, apply here:  https:/‚Ä¶",""
"917098236447481856","2017-10-08 18:43:53","two and a half months ago following Eurovelo 3 to the coast near Bordeaux then striking through the mountains from Biarritz.",""
"917097943756365824","2017-10-08 18:42:43","As I arrived in Peniche I saw two people with panniers consulting a map. They were Charlie and Rob from Australia. They'd started from Paris",""
"917097658929614849","2017-10-08 18:41:35","Charlie and Rob from Australia https://t.co/ACn3it9zbl","http://pbs.twimg.com/media/DLovbAqW0AAvU4Q.jpg"
"917097512539914252","2017-10-08 18:41:00","Heading towards Peniche https://t.co/QvITaMc0bX","http://pbs.twimg.com/media/DLovSofXUAA8q-6.jpg"
"917097039397359617","2017-10-08 18:39:07","√ìbidos https://t.co/4zZDvRqcEe","http://pbs.twimg.com/media/DLou2eQXUAA6d-L.jpg"
"917096817912885248","2017-10-08 18:38:14","√ìbidos https://t.co/CQlYpJoeIv","http://pbs.twimg.com/media/DLouqxRWAAIUGEm.jpg"
"917096540023508993","2017-10-08 18:37:08","Ruins and a red carpet https://t.co/fMWLVuVGR2","http://pbs.twimg.com/media/DLouaO6W0AEuNgx.jpg"
"917096252298416129","2017-10-08 18:36:00","Nazar√© https://t.co/xcI1jLqKNU","http://pbs.twimg.com/media/DLouJ1JXkAE9_fX.jpg"
"917096009515388933","2017-10-08 18:35:02","Sapping https://t.co/1SaQ9pPTaQ","http://pbs.twimg.com/media/DLot4sVXcAAG227.jpg"
"917095833417519104","2017-10-08 18:34:20","Ocean spray https://t.co/QkMBxAXAK5","http://pbs.twimg.com/media/DLotxFuW0AAIbQJ.jpg"
"917095716195094528","2017-10-08 18:33:52","More bike lane. It goes on to the horizon. https://t.co/gDl85xr1gP","http://pbs.twimg.com/media/DLotqAVWkAEW5bR.jpg"
"917095524842557444","2017-10-08 18:33:06","Good bike lane this morning. #Portugal https://t.co/e2wrCmAhJu","http://pbs.twimg.com/media/DLotfH4XcAIGbqv.jpg"
"917095034566184960","2017-10-08 18:31:09","So I lost an hour from sleeping. I lost time from having to take a convoluted route this afternoon. I didn't get where I'd planned to.",""
"917094462400155648","2017-10-08 18:28:53","An old Portuguese lady was concerned, perhaps thinking I'd collapsed. Through hands signals I said I was just having a sleep.",""
"917094096451330048","2017-10-08 18:27:26","I feel I've been at ""mile 17"" today. I'm so tired. Tired of navigating. Tired of needing to sort things out. I had to have a nap for an hour",""
"916994427150839809","2017-10-08 11:51:23","RT @MSF: 92% of kids reporting physical violence mentioned EU Member State border authorities as the perpetrators #Balkans https://t.co/c9A‚Ä¶",""
"916992780580335617","2017-10-08 11:44:50","@Paulod372 I haven't yet.",""
"916953857221111808","2017-10-08 09:10:10","Finally below 40 degrees north.",""
"916915683849572352","2017-10-08 06:38:29","@alistair_lamont Yes",""
"916779016455147522","2017-10-07 21:35:25","Looks like Malaga to Edinburgh on 17th might be my best option.",""
"916778787655815170","2017-10-07 21:34:30","@Bearded_Cyclist I don't know how to do that.",""
"916771308649709569","2017-10-07 21:04:47","Argh. Trying to find a reasonably priced way to return to the UK with a bike is getting really difficult.",""
"916770783556489217","2017-10-07 21:02:42","@Sheena93930558 It has been a while but it isn't forgotten. I still keep my waterproofs handy just in case.",""
"916756964608180224","2017-10-07 20:07:47","Current progress üö≤ https://t.co/5B5pmDtmUU","http://pbs.twimg.com/media/DLj5e15W0AQG8rC.jpg"
"916753149599379456","2017-10-07 19:52:37","Hi @wigglebikeshop, how long would it take to deliver https://t.co/HA9sKLFWWz to the south of Portugal, Spain, or Gibraltar?",""
"916744066599129089","2017-10-07 19:16:32","An excellent 17 km riding on this segregated bike track this evening. https://t.co/7rJR0tZ5vB","http://pbs.twimg.com/media/DLjt06dWsAIm8h7.jpg"
"916743855160156163","2017-10-07 19:15:42","Figueira da Foz https://t.co/YxaejZUUCR","http://pbs.twimg.com/media/DLjtoF4X0AALQa7.jpg"
"916743725891629057","2017-10-07 19:15:11","Heading down to Figueira da Foz https://t.co/eyXOoh8QU7","http://pbs.twimg.com/media/DLjthqMW0AARBfT.jpg"
"916743545167413253","2017-10-07 19:14:28","Turning the corner https://t.co/AkJs8RgEor","http://pbs.twimg.com/media/DLjtXF6XkAEw1mq.jpg"
"916743424287617025","2017-10-07 19:13:59","Lighthouse panorama https://t.co/08CtW2iZpM","http://pbs.twimg.com/media/DLjtRWQWAAAGIFV.jpg"
"916742916013461505","2017-10-07 19:11:58","Ocean view https://t.co/vunHPzuBhv","http://pbs.twimg.com/media/DLjsyeBXcAABGZr.jpg"
"916742638841335809","2017-10-07 19:10:52","Neil had cycled with @MrMarkBeaumont on Day 74 of the round-the-world trip. We talked about how Mark had inspired both of us to keep going.",""
"916741978431291393","2017-10-07 19:08:14","I met Neil, from Scotland, whilst going down a bumpy track north of Figueira da Foz. He was going uphill. He had started his trip in Italy.",""
"916741389618212865","2017-10-07 19:05:54","Neil from Scotland https://t.co/33tnaJzmpP","http://pbs.twimg.com/media/DLjrXRpW0AAOcFS.jpg"
"916741241194283008","2017-10-07 19:05:18","View from a hill https://t.co/gLT6KfdBfQ","http://pbs.twimg.com/media/DLjrQ0bWkAM7Cjg.jpg"
"916741157400580096","2017-10-07 19:04:58","No so good road through the forest https://t.co/0FE7OStl7y","http://pbs.twimg.com/media/DLjrLHFX0AEDe4M.jpg"
"916741065759215618","2017-10-07 19:04:36","Road through the forest #2 https://t.co/rnq4MeJdS1","http://pbs.twimg.com/media/DLjrFtqWkAYigoC.jpg"
"916740943310704640","2017-10-07 19:04:07","Road through the forest https://t.co/kfI0SwvrtJ","http://pbs.twimg.com/media/DLjq-hfW4AEIC5c.jpg"
"916740744949436416","2017-10-07 19:03:20","People in the estuary https://t.co/vYhUKUCobd","http://pbs.twimg.com/media/DLjq0mQWAAAYMcz.jpg"
"916740612195577858","2017-10-07 19:02:48","Tide's out https://t.co/t8f3Eo7K8o","http://pbs.twimg.com/media/DLjqsETX4AEMgKf.jpg"
"916740507329589248","2017-10-07 19:02:23","Thanks to Val√©rio for letting me stay and have a rest day in Aveiro. https://t.co/M3H4aUxRTI","http://pbs.twimg.com/media/DLjqmUKXkAED1fQ.jpg"
"916440558591193089","2017-10-06 23:10:30","Happy birthday @WHMparkrun! I wish I could be there for it but I still have a way to go.",""
"916362027802742785","2017-10-06 17:58:27","It would be handy if I did.",""
"916359846978564097","2017-10-06 17:49:47","@aloha_maika What's that?",""
"916325811438972930","2017-10-06 15:34:32","Do I know anyone in Gibraltar?",""
"916324973735800832","2017-10-06 15:31:12","Today is a rest day. Here's my current progress üö≤ https://t.co/v7wNiyEONR","http://pbs.twimg.com/media/DLdwq-QX0AI-ScG.jpg"
"916283495995060225","2017-10-06 12:46:23","Tea rooms https://t.co/MUoB5GHbNq","http://pbs.twimg.com/media/DLdK9zqW4AAIJlM.jpg"
"916271440260984832","2017-10-06 11:58:29","RT @markwby: .@BlairBraverman damn.  https://t.co/XJThiDL0IF https://t.co/FtPpVpTIVe","http://pbs.twimg.com/media/DLUOUCjXoAAjn0s.jpg"
"916264092704309249","2017-10-06 11:29:17","Boats on the river https://t.co/K8fhVfXmrc","http://pbs.twimg.com/media/DLc44m-XUAA03tY.jpg"
"916264067383414785","2017-10-06 11:29:11","Fish in Aveiro https://t.co/7m8kkmgI1w","http://pbs.twimg.com/media/DLc4lyOW0AIxEil.jpg"
"916262877056716806","2017-10-06 11:24:27","Thanks to ex-Jodcaster (@jodcast), Val√©rio, for hosting me in Aveiro. I'm having a proper rest day.",""
"916261906205339648","2017-10-06 11:20:36","The sun was setting as I got off the ferry https://t.co/fEMSVMOzLy","http://pbs.twimg.com/media/DLc3U7QW0AE7wtP.jpg"
"916261742505811970","2017-10-06 11:19:57","Taking the evening ferry over from S√£o Jacinto https://t.co/Mg6WsUxOCL","http://pbs.twimg.com/media/DLc3GLyX4AAMBJ4.jpg"
"916261544303955968","2017-10-06 11:19:10","Boats on the Aveiro lagoon. https://t.co/mrBhMq7dFp","http://pbs.twimg.com/media/DLc24r4XkAANnJ-.jpg"
"916261218754711552","2017-10-06 11:17:52","Porto and Gaia https://t.co/4KIqSz5oq0","http://pbs.twimg.com/media/DLc2sV7XkAAiBpp.jpg"
"916261043055353858","2017-10-06 11:17:10","Duoro river https://t.co/ujZIaW2gzT","http://pbs.twimg.com/media/DLc2gmZXkAAVAs0.jpg"
"916260923693780992","2017-10-06 11:16:42","Dutch people I chatted to who are sailing from the Netherlands to New Zealand. They have Bromptons with them for ex‚Ä¶ https://t.co/B8YbRcRScg",""
"916260527864778752","2017-10-06 11:15:07","S√© do Porto https://t.co/NhTDpIuhRs","http://pbs.twimg.com/media/DLc2CfpX4AAr-ut.jpg"
"916260513977421824","2017-10-06 11:15:04","Porto https://t.co/DFbqlMUZfT","http://pbs.twimg.com/media/DLc18UZW0AEhBSr.jpg"
"916259725825724416","2017-10-06 11:11:56","Morning mist yesterday https://t.co/5jIfHtYl9C","http://pbs.twimg.com/media/DLc1XGLXcAAuC38.jpg"
"916111730912227328","2017-10-06 01:23:51","@vrooje I had to wait for the one at 18:40. That meant cycling on the other side after sunset which I try to avoid due to poor bike lights.",""
"915994444280803329","2017-10-05 17:37:48","@Jonny75boy Sunset is going to happen.",""
"915977134983847936","2017-10-05 16:29:01","Im just cycled 28 kph flat out for an hour to make a ferry that seems to have been cancelled.",""
"915932560823345152","2017-10-05 13:31:54","@astrotour2010 Thanks David",""
"915885597105049601","2017-10-05 10:25:17","Can anyone tell me the times of the ferry from S√£o Jacinto and if it takes a bike? I need to decide which side to take near Ovar.",""
"915867477447528448","2017-10-05 09:13:17","#notes There are a lot of cyclists out on the road.",""
"915867222316392448","2017-10-05 09:12:16","#notes So far Portugal has mostly been in mist. It certainly feels like October now.",""
"915844110442991617","2017-10-05 07:40:26","I'm going to have to make a break for it between the sounds of cockerels and gun shots.",""
"915678135433252865","2017-10-04 20:40:54","Current progress üö≤ https://t.co/HFIT1prcze","http://pbs.twimg.com/media/DLUkYUUW0AM_BK9.jpg"
"915675267099742210","2017-10-04 20:29:30","This morning I had thought I was going to get a short day tomorrow. Nope.",""
"915667272731160576","2017-10-04 19:57:44","""So how are you tweeting?"" is the next popular question. Using my mobile broadband sim card which does work through the EU.",""
"915666898838269952","2017-10-04 19:56:15","By that I mean when I'm outside the UK. I know. I know. It should work. It doesn't though. I've had to just deal with that since June.",""
"915666451008294912","2017-10-04 19:54:28","As this has cropped up a few times recently, just reminding people who know that I can't send/receive calls or texts outside the UK.",""
"915652645595045888","2017-10-04 18:59:37","I've changed timezone. I'm working to daylight hours though so will have to alter my morning alarm to one hour earlier.",""
"915644246664900608","2017-10-04 18:26:14","An alternative ""path"" further up the river. I got across this one. https://t.co/jxS52U7XUk","http://pbs.twimg.com/media/DLUFRwtXcAUcYy4.jpg"
"915643937053904897","2017-10-04 18:25:01","Alternative ""path"" further up the river. https://t.co/ENJKRbSkVf","http://pbs.twimg.com/media/DLUEx1qXkAALpp5.jpg"
"915643612490338304","2017-10-04 18:23:43","This is not a ""path"" I want to navigate with a bicycle. https://t.co/MYDaYmUm0K","http://pbs.twimg.com/media/DLUEhK7W4AIND2V.jpg"
"915642908455395329","2017-10-04 18:20:55","Viana do Castelo in the mist https://t.co/XYVJpBSHCB","http://pbs.twimg.com/media/DLUEQT7W4A0PHzG.jpg"
"915642463569752065","2017-10-04 18:19:09","Portuguese church https://t.co/KR2h1G96Zo","http://pbs.twimg.com/media/DLUD7EKWkAAsJhL.jpg"
"915642408293060609","2017-10-04 18:18:56","Looking back across to Spain https://t.co/YnfIXJxll5","http://pbs.twimg.com/media/DLUD2OyW4Ak0pA3.jpg"
"915564116219187202","2017-10-04 13:07:50","Nice to see a big sign announcing Portugal when I got off the ferry.",""
"915560827289309185","2017-10-04 12:54:46","@tiger_tea I rode through it for 40 km",""
"915560337771986944","2017-10-04 12:52:49","@thomasforth But it biases towards the ""needs fixing"" side.",""
"915559220711477254","2017-10-04 12:48:23","@tiger_tea That exact same thought went through my head. It looked like Hollywood-movie mist from a machine!",""
"915558786248650752","2017-10-04 12:46:39","@thomasforth Others who I've asked if X needs fixing have said ""nah, it'll last you"".",""
"915558538096906240","2017-10-04 12:45:40","@thomasforth In my current experience it varies. One bike shop in Derry told me my bike was junk and I should get r‚Ä¶ https://t.co/YKCKmNRlvV",""
"915552658223747072","2017-10-04 12:22:18","They had a film crew with them too. As a result I have now been filmed for Brazilian TV.",""
"915551954851500032","2017-10-04 12:19:30","Met Isabelle, Fabiana, and Pato from Brasil who are cycling from Bordeaux to Lisbon. https://t.co/323O739fDZ","http://pbs.twimg.com/media/DLSxno3XkAAv8Zs.jpg"
"915537987630493703","2017-10-04 11:24:00","On the ferry over to Portugal. Ferry++ https://t.co/YQ9bPTPw4n","http://pbs.twimg.com/media/DLSk6FKWkAAiJpC.jpg"
"915537800883253249","2017-10-04 11:23:16","Sunbeams https://t.co/DYfpu0O3jn","http://pbs.twimg.com/media/DLSkvwAX0AA1jxk.jpg"
"915537750677389312","2017-10-04 11:23:04","Ocean mist coming in https://t.co/1Zn3vpZc7J","http://pbs.twimg.com/media/DLSksCdWsAAHdw3.jpg"
"915537566522322945","2017-10-04 11:22:20","Reflecting waves https://t.co/Y44axOHfgq","http://pbs.twimg.com/media/DLSkiavWAAAjRw_.jpg"
"915537508498370560","2017-10-04 11:22:06","Roadside flowers üíê https://t.co/XBvMWEXF8X","http://pbs.twimg.com/media/DLSkdkjXUAAkiDb.jpg"
"915537418249555975","2017-10-04 11:21:45","Late breakfast by the beach https://t.co/12vRrw4T2X","http://pbs.twimg.com/media/DLSkaEmX0AA9jnZ.jpg"
"915477989693038592","2017-10-04 07:25:36","9am ferry from Cangas to Vigo. https://t.co/WZLetgog3m","http://pbs.twimg.com/media/DLRuXSTW4AErpxS.jpg"
"915305103552389120","2017-10-03 19:58:36","Huge thanks to @alistair_lamont for his donation to @MSF_uk! https://t.co/eIe49oR50Y",""
"915290174267035648","2017-10-03 18:59:17","Current progress üö≤ https://t.co/XnuhQFGcJZ","http://pbs.twimg.com/media/DLPDizBX0AADiG0.jpg"
"915287151792787456","2017-10-03 18:47:16","@pruss I think I'll reach Espinho on Thursday.",""
"915286306883850241","2017-10-03 18:43:55","I've had enough of 50km trips around inlets. There should be ferries over the next two.",""
"915285975571591168","2017-10-03 18:42:36","Looking across to Vigo from Cangas https://t.co/YwfCNWqYZB","http://pbs.twimg.com/media/DLO_ul3X0AAKsCm.jpg"
"915285868897808385","2017-10-03 18:42:10","Another beautiful inlet to circumnavigate. https://t.co/gbpD3abpF5","http://pbs.twimg.com/media/DLO_nhnXUAAps96.jpg"
"915285502697332736","2017-10-03 18:40:43","Spanish coast https://t.co/HUjPTnGB7x","http://pbs.twimg.com/media/DLO_SNCXcAIJyDk.jpg"
"915285389044314112","2017-10-03 18:40:16","Town square https://t.co/FdI3fOTyJe","http://pbs.twimg.com/media/DLO_MDfXkAAhiiD.jpg"
"915285139663523841","2017-10-03 18:39:17","Crossing the autoroute https://t.co/1NDGPcd0Eb","http://pbs.twimg.com/media/DLO-9YQXcAAzpDk.jpg"
"915283884627152896","2017-10-03 18:34:17","Tomorrow I should arrive in Portugal.",""
"915283119015591943","2017-10-03 18:31:15","@alistair_lamont Thanks Alistair",""
"915277952199397377","2017-10-03 18:10:43","Also, which roads can't I cycle on in Portugal? Is it obvious? Google maps won't do bike routing in Portugal it seems.",""
"915277202836606977","2017-10-03 18:07:44","If someone could check times/prices/existence of the ferry from A Guarda to Caminha (Spain/Portugal border) that would be helpful. Thanks",""
"915275637484638208","2017-10-03 18:01:31","On the plus side, I finally have access to a kitchen. Down side is I have ‚Ç¨1 for dinner.",""
"915275103327440896","2017-10-03 17:59:24","The end result is that I'm paying ‚Ç¨20 to stay in a lady's apartment which she isn't in tonight for some reason I couldn't comprehend.",""
"915274750796161024","2017-10-03 17:58:00","The second had a ""bike friendly"" sign but we're full. However the nice lady in the reception rang around a couple of people she knows.",""
"915274456511152128","2017-10-03 17:56:50","First hotel I tried had put their prices up because of all the visitors. They sent me to try another, cheaper, hotel.",""
"915269707061714944","2017-10-03 17:37:57","Apparently there is some seafood festival happening in Vigo today.",""
"915261657139511296","2017-10-03 17:05:58","The Youth Hostel across the water in Vigo says no availability on the https://t.co/mkvxfk0WdV website.",""
"915261208797708288","2017-10-03 17:04:11","AS far as I can tell, the nearby campsites aren't open on Tuesdays in October.",""
"915260887082131459","2017-10-03 17:02:54","After 140+ km I arrived to find the hostel in Cangas shut even if the website says it is open.",""
"915099526465298432","2017-10-03 06:21:43","Good job I had decided to wait to book my flight back. Seems the airline I was going to use has just gone bankrupt.",""
"914959813020389377","2017-10-02 21:06:33","I'm here. https://t.co/MydEWBHrFv","http://pbs.twimg.com/media/DLKXFccW4AE9QjA.jpg"
"914955896991731712","2017-10-02 20:50:59","@alistair_lamont I think it is extended.",""
"914934978764578816","2017-10-02 19:27:52","Camping: ‚Ç¨10.21. Beer: ‚Ç¨1.60. Clean, full, and watching the stars come out on a balmy October evening...",""
"914933821484748800","2017-10-02 19:23:16","I keep track of my current operating budget with the calculator app on my phone. Every morning I add that day. Currently balance is ‚Ç¨5.50.",""
"914932901518684163","2017-10-02 19:19:37","Having got my daily budget back into the black, I'm treating myself to a beer at the campsite bar. It is a bar with‚Ä¶ https://t.co/Mf8n6kpbQn",""
"914932315029213185","2017-10-02 19:17:17","That is sort of how it feels now. https://t.co/NFd7CBb674",""
"914932108598145026","2017-10-02 19:16:27","I pitched my tent, made a meal (spinach with garlic, pasta with tuna and tomato sauce, biscuits and tea to finish), then had a shower.",""
"914917192436555777","2017-10-02 18:17:11","Campsite this evening https://t.co/LF9I5F2Xlc","http://pbs.twimg.com/media/DLJwUi2XcAEs17_.jpg"
"914917102854733824","2017-10-02 18:16:50","Coast road https://t.co/J3ZBcaRmMg","http://pbs.twimg.com/media/DLJwO9AWsAApNTa.jpg"
"914917049289396224","2017-10-02 18:16:37","Coast https://t.co/yojS7SKpx4","http://pbs.twimg.com/media/DLJwKDBXUAEj9sh.jpg"
"914916621495554048","2017-10-02 18:14:55","Fisterra https://t.co/k521k7bpMW","http://pbs.twimg.com/media/DLJvyWRWsAAKKmX.jpg"
"914916511827070977","2017-10-02 18:14:29","Spanish coast https://t.co/3sa09H65Jr","http://pbs.twimg.com/media/DLJvrqpXUAAE0jX.jpg"
"914830494365306880","2017-10-02 12:32:41","Met Chris, from Yeadon, who has just finished his Camino walk. https://t.co/UwOnRpH0hz","http://pbs.twimg.com/media/DLIhdlAW4AAfojO.jpg"
"914826110243950592","2017-10-02 12:15:15","Fisterra is the end of the Camino for many. I still have a way to go.",""
"914821224471175169","2017-10-02 11:55:51","This is ""the end of the world"" or, in Spanish, Fisterra. https://t.co/jNThXdtG5w","http://pbs.twimg.com/media/DLIZBsMWsAABpUH.jpg"
"914820871533027328","2017-10-02 11:54:26","Kittens https://t.co/ItMM6pjA3X","http://pbs.twimg.com/media/DLIYspaW4AAx3H3.jpg"
"914820759264137217","2017-10-02 11:54:00","Back from the westernmost point https://t.co/xZ53ywiyLd","http://pbs.twimg.com/media/DLIYnOjXUAA4-1_.jpg"
"914820573691301888","2017-10-02 11:53:15","Heading southwards https://t.co/y3pz5wk8D6","http://pbs.twimg.com/media/DLIYbr9XoAU4mcU.jpg"
"914787287942221824","2017-10-02 09:41:00","Cabo Touri√±√°n. The most westerly point of mainland Spain. https://t.co/HLMj56DPhK","http://pbs.twimg.com/media/DLH5VbYWkAYzrXi.jpg"
"914787231616966656","2017-10-02 09:40:46","Cabo Touri√±√°n. https://t.co/ywNljZJvs4","http://pbs.twimg.com/media/DLH54B-XoAAWM3M.jpg"
"914785973514440705","2017-10-02 09:35:46","Heading west, looking north. https://t.co/ER1Oriqe93","http://pbs.twimg.com/media/DLH42jkWsAAjfnR.jpg"
"914785871924252672","2017-10-02 09:35:22","Just about to go up another hill https://t.co/14XfUMkhp4","http://pbs.twimg.com/media/DLH4vOUW0AAoawa.jpg"
"914785679737081856","2017-10-02 09:34:36","Another hill https://t.co/cF9ueppsSn","http://pbs.twimg.com/media/DLH4qbaXcAACtFV.jpg"
"914785622409318400","2017-10-02 09:34:22","So. Many. Hills. (nice views though) https://t.co/tdRcPQekJ9","http://pbs.twimg.com/media/DLH4kIvXUAIx1W8.jpg"
"914785401608556544","2017-10-02 09:33:30","Tree https://t.co/ysec5Nbo4O","http://pbs.twimg.com/media/DLH4ZPBXcAAYuXr.jpg"
"914605384299696129","2017-10-01 21:38:10","My guess is that I have 1500 km to go.",""
"914604081641066497","2017-10-01 21:33:00","@IamKathrynGrace That's what I thought too.",""
"914590404313518080","2017-10-01 20:38:39","Today was 152.8 km and 2281m elevation gain. I don't know how many more days like this I can face.",""
"914589954600259586","2017-10-01 20:36:52","Current progress üö≤ https://t.co/HO312F3BIZ","http://pbs.twimg.com/media/DLFGqq5XoAAIdp0.jpg"
"914586483243278336","2017-10-01 20:23:04","Sunset from my camping spot. https://t.co/LZTdV3NODn","http://pbs.twimg.com/media/DLFDiz2XUAA36N7.jpg"
"914586403476033536","2017-10-01 20:22:45","Evening view out to sea https://t.co/pZiafjYobK","http://pbs.twimg.com/media/DLFDdQOW4AQt5T3.jpg"
"914586219241197569","2017-10-01 20:22:01","I haven't worked out what these raised huts are for. They are increasingly common around here. https://t.co/Ry4pOCHhtP","http://pbs.twimg.com/media/DLFDSU8WsAEaCns.jpg"
"914585919029760007","2017-10-01 20:20:49","I think Google maps is trying to lure me to my death sometimes as the ""roads"" it suggests fade to nothing. https://t.co/26wpOGGfH7","http://pbs.twimg.com/media/DLFC_pbXUAA6yc5.jpg"
"914585605970984967","2017-10-01 20:19:35","Better weather this afternoon https://t.co/t6qCwcxUqu","http://pbs.twimg.com/media/DLFCuqRXcAISoGp.jpg"
"914585488668942337","2017-10-01 20:19:07","Rainy morning in Ferrol https://t.co/7SDI0DJNvM","http://pbs.twimg.com/media/DLFCof_WAAEeFMy.jpg"
"914582933599657987","2017-10-01 20:08:58","@webagwriter @EU_EDPS So yes. Thanks. Bye.",""
"914580701965619202","2017-10-01 20:00:06","@webagwriter @EU_EDPS For entirely separate, statistical purposes, are you a man over 40?",""
"914572577959530496","2017-10-01 19:27:49","@webagwriter @EU_EDPS Here we must end this conversation. Please don't appropriate more of my tweets. Goodbye.",""
"914571585847267330","2017-10-01 19:23:52","@webagwriter @EU_EDPS I can make sure not to trespass by either 1) never leaving my house or 2) being informed that property is private.",""
"914571202840137730","2017-10-01 19:22:21","@webagwriter @EU_EDPS I'm afraid that I would prefer not to trespass on someone's private property. You seem to wan‚Ä¶ https://t.co/vsDXX29eDv",""
"914570910887227395","2017-10-01 19:21:11","@webagwriter @EU_EDPS Which is a perfect way to have people accidentally drive, walk, cycle along your private road‚Ä¶ https://t.co/sD6pKtL0TR",""
"914570588580179969","2017-10-01 19:19:54","@webagwriter @EU_EDPS It looks as though you are saying nobody should be allowed to find out who owns what.",""
"914570015390748672","2017-10-01 19:17:38","@webagwriter @EU_EDPS I can't parse this statement.",""
"914569745906757634","2017-10-01 19:16:33","@webagwriter @EU_EDPS Also, this very specific problem is still a problem even if no maps existed at all.",""
"914568180743499778","2017-10-01 19:10:20","@webagwriter @EU_EDPS If they never tell anyone how on earth will anyone know that is the case?",""
"914567913767673857","2017-10-01 19:09:17","@webagwriter @EU_EDPS I take it you find Google maps and Ordnance Survey unfortunate too?",""
"914567207564308480","2017-10-01 19:06:28","@webagwriter @EU_EDPS So, although I had an issue, that is solved for the future. Hence there is not now a problem.",""
"914566881612353539","2017-10-01 19:05:11","@webagwriter @EU_EDPS As we discovered, it had already been done on OpenStreetMap if not elsewhere (because of the‚Ä¶ https://t.co/JtnQgRRIv3",""
"914566643287805958","2017-10-01 19:04:14","@webagwriter @EU_EDPS My original tweet was for someone to fix it. I couldn't do it then because of my unique situa‚Ä¶ https://t.co/fCYux0sONl",""
"914566268270841856","2017-10-01 19:02:44","@webagwriter @EU_EDPS I can't be doing with that attitude.",""
"914565600848093184","2017-10-01 19:00:05","@webagwriter @EU_EDPS This aversion to solving a problem but putting much more effort into moaning about it is unfortunately common.",""
"914565081614176257","2017-10-01 18:58:01","@webagwriter @EU_EDPS Their physical sign placement suggests they were more interested in having a moan than actual‚Ä¶ https://t.co/TXDt4Upz55",""
"914564548249694209","2017-10-01 18:55:54","@webagwriter @EU_EDPS Someone with an old Ordnance Survey map might have had a similar problem.",""
"914564333027414016","2017-10-01 18:55:03","@webagwriter @EU_EDPS I had the unusual problem that my Garmin was reading a 3 year old version of OpenStreetMap.",""
"914564019935117313","2017-10-01 18:53:48","@webagwriter @EU_EDPS Then they wouldn't have had people accidentally navigating their lane at all. OpenStreetMap h‚Ä¶ https://t.co/BvKhB00L65",""
"914563634587725824","2017-10-01 18:52:16","@webagwriter @EU_EDPS I also suggest the expense of that customised sign was unnecessary if they had got Google map‚Ä¶ https://t.co/ekR6jZqe41",""
"914563151747850242","2017-10-01 18:50:21","@webagwriter @EU_EDPS I would suggest those people don't put that sign a km or two along their road but at the point it actually begins.",""
"914562772666642432","2017-10-01 18:48:51","@webagwriter @EU_EDPS They paid to make a big sign complaining about _every_ ""GPS map"" and that sign was the only w‚Ä¶ https://t.co/NrbBTFNMWy",""
"914561464882667520","2017-10-01 18:43:39","@webagwriter @EU_EDPS Plus, as made explicit, these specific people who own that specific road _are_ aware of being‚Ä¶ https://t.co/euQz6z9U2E",""
"914560038429224962","2017-10-01 18:37:59","@webagwriter @EU_EDPS Every person in the UK (where this was) is aware of being mapped. We have a national mapping‚Ä¶ https://t.co/omfvqgE3PL",""
"914559650594525184","2017-10-01 18:36:27","@webagwriter @EU_EDPS I really don't have the spare capacity to help you further. Please assume my complaint isn't what you thought.",""
"914559295185981440","2017-10-01 18:35:02","@webagwriter @EU_EDPS No, I'm unhappy that you have misrepresented my complaint.",""
"914556576236802048","2017-10-01 18:24:14","@webagwriter @EU_EDPS This is the danger of people mis/over/wrongly interpreting tweets out of context.",""
"914555758037127168","2017-10-01 18:20:58","@webagwriter @EU_EDPS My tweets don't show the ""limits"" of any cartography either open, commercial, governmental, or by you.",""
"914555224609738753","2017-10-01 18:18:51","@webagwriter @EU_EDPS I haven't. At all.",""
"914447571808120833","2017-10-01 11:11:05","As I hoped, I did pass 10000 km by the start of October. Unfortunately that didn't put me in the south of Spain.",""
"914447279280545792","2017-10-01 11:09:55","@webagwriter @EU_EDPS I can't spare you any more energy trying to help you. I have a long way to go and am exhausted.",""
"914446257803972608","2017-10-01 11:05:52","@webagwriter @EU_EDPS It is clear I didn't say it was, I didn't even suggest that people should be compelled to reg‚Ä¶ https://t.co/hluNsQwuoH",""
"914444816179752960","2017-10-01 11:00:08","@webagwriter @EU_EDPS Sorry, civil rights? What are you on about? You probably misunderstood what my original tweet was about.",""
"914444363303923718","2017-10-01 10:58:20","@webagwriter @EU_EDPS I suspect that placing the sign there (not at, say, the start of the road) meant they wanted‚Ä¶ https://t.co/29PFPIYvRm",""
"914443884113137666","2017-10-01 10:56:26","@webagwriter @EU_EDPS Instead the local residents paid to make a big, physical, sign part way along the road compla‚Ä¶ https://t.co/9H3Qh0Sgq6",""
"914443054907568128","2017-10-01 10:53:08","@webagwriter @EU_EDPS Because the people with the private road could fix that on the map. It is harder to correct proprietary mapping.",""
"914363819329249280","2017-10-01 05:38:17","@webagwriter @EU_EDPS The fact anyone can publish was _not_ the problem. In fact that is a positive.",""
"914220911838023680","2017-09-30 20:10:25","Trying to plan the least hilly route each day with Google maps on mobile is a right pain. Oh for a laptop.",""
"914198634983456770","2017-09-30 18:41:54","I reached the most westerly point of France on 12th September. Today was the most northerly point of Spain. Bay of Biscay complete?",""
"914197115194224641","2017-09-30 18:35:51","I can only hope the coast of Portugal is less hilly than this.",""
"914196478524035072","2017-09-30 18:33:20","That puts me in Ferrol https://t.co/5WgMRip3d9","http://pbs.twimg.com/media/DK_g1wgXUAYs4xv.jpg"
"914196112445247489","2017-09-30 18:31:52","Only 112km today but 1899m of elevation climb so I'm a bit tired.",""
"914186633498505216","2017-09-30 17:54:12","@IanHopkinson_ @thomasforth +1 for those (although they can wear after 8000 miles)",""
"914172269068521472","2017-09-30 16:57:08","Finally the air felt fresher as I rounded the top of Spain. https://t.co/tb9Boo5oAC","http://pbs.twimg.com/media/DK_KzzKXkAAW-Ip.jpg"
"914171923952783360","2017-09-30 16:55:45","I think it thought I was its human as a man turned up on a bicycle and it realised its error.",""
"914171529591771136","2017-09-30 16:54:11","A black cat crossed my path. https://t.co/22f5J2dPkO","http://pbs.twimg.com/media/DK_KBeFWkAEt-cV.jpg"
"914171311311728640","2017-09-30 16:53:19","Heading around the north west coast of Spain https://t.co/DMc8YdLGeT","http://pbs.twimg.com/media/DK_J6RgXoAEMJkw.jpg"
"914171164175556608","2017-09-30 16:52:44","Missing trees https://t.co/pSswQxZpqr","http://pbs.twimg.com/media/DK_JyjdXUAAS4Uz.jpg"
"914076570628902912","2017-09-30 10:36:51","I met Ian and Jean. Jean is from Sheffield. They first met in Burley-in-Wharfdale. It is a small world. https://t.co/0Dcegu8bo4","http://pbs.twimg.com/media/DK9zwhCX0AADQdD.jpg"
"914076171205332992","2017-09-30 10:35:16","Looking north across the Bay of Biscay. Over there is Ireland and the Wild Atlantic Way. Still fairly wild here tho‚Ä¶ https://t.co/5QiJ4LYMbo",""
"914075852991811584","2017-09-30 10:34:00","Latitude marker https://t.co/MniMY79jID","http://pbs.twimg.com/media/DK9zGjCW0AA8Q-y.jpg"
"914075753901379584","2017-09-30 10:33:37","Northernmost building? https://t.co/Wbj33QTnUW","http://pbs.twimg.com/media/DK9zBNVW0AAt0kC.jpg"
"914075628990795782","2017-09-30 10:33:07","Faro da Estaca de Bares - the northernmost point on the Spanish mainland. https://t.co/8lyGvUNBzD","http://pbs.twimg.com/media/DK9y6eTWAAAgi6R.jpg"
"914075350426095618","2017-09-30 10:32:00","Leaving Viveiro https://t.co/yx0cFWfqtP","http://pbs.twimg.com/media/DK9yqJNW0AApa5o.jpg"
"914063999418998784","2017-09-30 09:46:54","Rash is slowly going down. I'm back on the road after a very long sleep last night. https://t.co/7wR04t1oDB",""
"913778981756981248","2017-09-29 14:54:21","@vrooje Whilst dozing in a bed recovering, it was nice to hear you name-checked on the BBC Click podcast.",""
"913721292435656705","2017-09-29 11:05:06","All this is a reminder of the important care the folks at @MSF_uk provide to those in much harder situations https://t.co/KohIMIW8v3",""
"913720121834770432","2017-09-29 11:00:27","@astrotour2010 They might have done. Language barriers, my general exhaustedness etc means I don't really know.",""
"913719808650248192","2017-09-29 10:59:13","So I checked into a cheap hotel. I'm going to eat and rest. Hopefully the rash will go down.",""
"913719486288625665","2017-09-29 10:57:56","My EHIC card means the only cost to me was Euro 4.40 for the prescription. They also told me to rest as the pills would make me drowsy.",""
"913718948834799616","2017-09-29 10:55:48","But credit to the Spanish health service for seeing to me quickly, professionally, and kindly. You realise how lucky we are in Europe.",""
"913718381374840833","2017-09-29 10:53:32","It is quite scary getting treatment when you can't really communicate because you don't know the language and people don't know yours.",""
"913717996786454528","2017-09-29 10:52:01","The second doctor checked my blood pressure and I had a rest for a few minutes. She told me to take some juice or coffee with sugar.",""
"913717590702329861","2017-09-29 10:50:24","I then went downstairs where I was given two injections in my buttocks. It was ""Urbason"". The second was quite painful and I got lightheaded",""
"913716928895750144","2017-09-29 10:47:46","I joined a queue to see a doctor. I only had to wait 10 minutes. She prescribed an injection and some antihistamines for the next 5 days.",""
"913716410873995264","2017-09-29 10:45:43","But we managed to clear that up and get to the right page in my passport showing I was from the EU.",""
"913716117130088448","2017-09-29 10:44:33","I'm glad I had my EHIC card with me. The only confusion was my US travel visa as it looks like a photo page so they thought I was American.",""
"913715620486766593","2017-09-29 10:42:34","I visited the local public health centre. Quite understandably, nobody really spoke English (or French). Google translate was our friend.",""
"913675057473490944","2017-09-29 08:01:23","I'm hoping it is hives from the exertion of the past three days.",""
"913670005463687168","2017-09-29 07:41:19",":( https://t.co/Y0roC3mObZ","http://pbs.twimg.com/media/DK4B-x-WsAAfchh.jpg"
"913666230640406529","2017-09-29 07:26:19","I took an antihistamine last night but it hasn't helped.",""
"913664879420207104","2017-09-29 07:20:56","I probably need to find a public health centre (EHIC) but can't navigate https://t.co/eUXIwharQx I'm in Viveiro.",""
"913663092571205632","2017-09-29 07:13:50","I have a head cold and an itchy rash on my feet, legs, and arms. :(",""
"913491542878416897","2017-09-28 19:52:10","Day 103 might be as much as 40% of a standard @MrMarkBeaumont day. https://t.co/YpwhJbkr6q","http://pbs.twimg.com/media/DK1fsWPWkAEX6a7.jpg"
"913470631483723777","2017-09-28 18:29:04","üö≤ today: 154.3 km (95.9 miles)\nüö≤ total: 9905.9 km (6154.1 miles)",""
"913468509597945856","2017-09-28 18:20:38","Current progress üö≤: https://t.co/v1lrDCR2Ds","http://pbs.twimg.com/media/DK1KuXiX0AAAgQd.jpg"
"913455784033443840","2017-09-28 17:30:04","Looking down from the top of the last big hill of the day. https://t.co/OQarTBzfel","http://pbs.twimg.com/media/DK0_I5WX0AYCur9.jpg"
"913455299914289152","2017-09-28 17:28:09","The last 50km has been harder. I had the start of a cold this morning and it got worse so it was affecting my breathing. Nothing awful.",""
"913454748258439169","2017-09-28 17:25:57","Looking west https://t.co/uzurncluKI","http://pbs.twimg.com/media/DK0-LmiXcAAbKmu.jpg"
"913454674136748032","2017-09-28 17:25:40","Praia das Catedrais https://t.co/pUvX4lFMX5","http://pbs.twimg.com/media/DK0-IidXoAY2xw3.jpg"
"913454606776176641","2017-09-28 17:25:24","Praia das Catedrais https://t.co/gjiFPJNYGU","http://pbs.twimg.com/media/DK0-ATfXoAAvSr6.jpg"
"913454115308613632","2017-09-28 17:23:26","Afterwards, we went to a little cafe and they kindly bought me an espresso.",""
"913453929538736129","2017-09-28 17:22:42","We had a nice long conversation, in French, over a late lunch. That GCSE in French has proved useful even if I've forgotten a lot.",""
"913453364876382213","2017-09-28 17:20:27","They were cycling from near Nantes, south around the coast of France, Spain, Portugal, and Spain.",""
"913453032486121472","2017-09-28 17:19:08","I met Bernard and Claudine from France. https://t.co/Jwuhtkn5yh","http://pbs.twimg.com/media/DK08oj9WAAEU7QJ.jpg"
"913452698279739394","2017-09-28 17:17:49","Heading towards Praia das Catedrais https://t.co/jLEHpHmIR0","http://pbs.twimg.com/media/DK08Vw-W0AAWFaq.jpg"
"913452391881740288","2017-09-28 17:16:36","Bridge at Ribadeo. https://t.co/SJyF56Y1TV","http://pbs.twimg.com/media/DK08EFzXUAA96t-.jpg"
"913452188768309249","2017-09-28 17:15:47","Thanks to the man at Garaje Paco for tightening it. https://t.co/4xL7sh5lb2","http://pbs.twimg.com/media/DK075wqXoAYZC0b.jpg"
"913451923382181888","2017-09-28 17:14:44","But, on seeing a bike shop by the side of the road, I decided I should get it tightened properly.",""
"913451559165587456","2017-09-28 17:13:17","My left crank started to come off. Not sure why. I tightened it back on, as best as I could, with the huge Allen key on my little tool set.",""
"913450964157390849","2017-09-28 17:10:55","I was getting jealous of the motorway this morning as it got to sail along keeping it's altitude whereas I had to go into every ravine.",""
"913450703464669184","2017-09-28 17:09:53","Motorway sailing overhead https://t.co/hw4S2HUVdi","http://pbs.twimg.com/media/DK06ihuWkAAZv-B.jpg"
"913450568118620160","2017-09-28 17:09:21","Railway viaduct https://t.co/JYTJKJQEKu","http://pbs.twimg.com/media/DK06aRuWkAUx0ye.jpg"
"913450379827929088","2017-09-28 17:08:36","Flight path https://t.co/AVXLKyfDgy","http://pbs.twimg.com/media/DK06QJzWkAI_JJ2.jpg"
"913450291340640256","2017-09-28 17:08:15","Up my first hill of the day https://t.co/36iaYYSM0t","http://pbs.twimg.com/media/DK06KqKX0AAdF-T.jpg"
"913450106053169154","2017-09-28 17:07:31","Early morning flights make a Saltire https://t.co/ltbay1Hh6K","http://pbs.twimg.com/media/DK06AE7WAAAA-U3.jpg"
"913449943972696064","2017-09-28 17:06:52","Long shadows starting this morning https://t.co/yMhauVjon5","http://pbs.twimg.com/media/DK050kaWsAIGSqa.jpg"
"913449778545070082","2017-09-28 17:06:12","Last night's hotel had a little bike maintenance area. https://t.co/M7csfygvbg","http://pbs.twimg.com/media/DK05pklW4AA0GUj.jpg"
"913147259000426496","2017-09-27 21:04:06","Quite hilly again today. https://t.co/5ZDk2UTLJO","http://pbs.twimg.com/media/DKwmjmZXkAMehXt.jpg"
"913143888977817600","2017-09-27 20:50:43","As a topographical map https://t.co/9uwx7QbmtK","http://pbs.twimg.com/media/DKwjgMyWkAAnCNB.jpg"
"913143132384055297","2017-09-27 20:47:42","Current progress üö≤ https://t.co/avtYH7e156 https://t.co/jwJG59O15P","http://pbs.twimg.com/media/DKwiykLX0AAd1yX.jpg"
"913135563246534657","2017-09-27 20:17:38","@SchwalbeUK @Cyclexperts Not to worry. I should hopefully make it to Tarifa.",""
"913133505584009221","2017-09-27 20:09:27","@SchwalbeUK @Cyclexperts I tried three different places around Santander but no luck for a 26"".",""
"913133097096531970","2017-09-27 20:07:50","@SchwalbeUK @Cyclexperts Ahh yes, too late again. I'm about 280km further on now.",""
"913117413868212230","2017-09-27 19:05:31","@Claudibird The other day I had 12 little creme caramel pots in one sitting.",""
"913116972468064257","2017-09-27 19:03:45","@Claudibird Yes. I've had one for second elevenses.",""
"913116478819454977","2017-09-27 19:01:48","But, the upside is that I can have my first bath in 102 days.",""
"913096205051318272","2017-09-27 17:41:14","Muros de Nal√≥n https://t.co/UG0qMYd4gn","http://pbs.twimg.com/media/DKv4E78XoAQZKNX.jpg"
"913095994753110016","2017-09-27 17:40:24","Gij√≥n front https://t.co/eDQhakiVRO","http://pbs.twimg.com/media/DKv36AaXUAITxQs.jpg"
"913094621852569601","2017-09-27 17:34:56","Rode 130+ km to a campsite that turned out to be closed. Drat. Had to go to a hotel. :(",""
"913006120029114368","2017-09-27 11:43:16","Gij√≥n https://t.co/x1F3hM5JJL","http://pbs.twimg.com/media/DKumNDxW0AAUz3X.jpg"
"913006005423886336","2017-09-27 11:42:49","Gij√≥n https://t.co/AS1y0qzz2B","http://pbs.twimg.com/media/DKumF3SWAAAH0N_.jpg"
"913005832886988800","2017-09-27 11:42:08","The road https://t.co/KG9Y1jpBCC","http://pbs.twimg.com/media/DKul8MoXUAAbMob.jpg"
"913005750594752512","2017-09-27 11:41:48","Colunga https://t.co/iq0bZO5VXP","http://pbs.twimg.com/media/DKul3Y0XkAAnDMJ.jpg"
"912948925417607168","2017-09-27 07:56:00","Berbes https://t.co/S0BHuhCaMG","http://pbs.twimg.com/media/DKtyL3uX0AAievT.jpg"
"912948890630008832","2017-09-27 07:55:51","Mountains https://t.co/FSA2q5mugF","http://pbs.twimg.com/media/DKtyJb-WsAA1lF2.jpg"
"912948842517204992","2017-09-27 07:55:40","Bar https://t.co/nwPl5EZpQ3","http://pbs.twimg.com/media/DKtyG4uXoAE6Cnz.jpg"
"912939192187080704","2017-09-27 07:17:19","With Yorkshire terrier out for a stroll https://t.co/pwF1GCx8QN","http://pbs.twimg.com/media/DKtpVdkWAAA8J3f.jpg"
"912938935101349889","2017-09-27 07:16:18","Bay of Biscay üö≤ https://t.co/15pEBlsSxT","http://pbs.twimg.com/media/DKtpGWyWAAAP35f.jpg"
"912937512041107456","2017-09-27 07:10:39","On the road again üö≤",""
"912937268263956480","2017-09-27 07:09:40","Ribadesella https://t.co/yLFh8aBmjj","http://pbs.twimg.com/media/DKtnh51XoAAJSx1.jpg"
"912926629634220032","2017-09-27 06:27:24","Morning in Ribadesella https://t.co/4QMuWKsv6e","http://pbs.twimg.com/media/DKtd6_cWsAAxgJB.jpg"
"912792766824017920","2017-09-26 21:35:29","Ooo. Tomorrow I should pass 6000 miles.",""
"912792610275774464","2017-09-26 21:34:51","üö≤ today: 150.0 km (93.2 miles)\nüö≤ total: 9611.2 km (5971.0 miles)\nüõ≥: 41",""
"912789182266912776","2017-09-26 21:21:14","Current progress üö≤ https://t.co/RQltJZppEa","http://pbs.twimg.com/media/DKrg6JWWsAEAtxp.jpg"
"912746871797493760","2017-09-26 18:33:06","Inland hills in the evening sun https://t.co/yqxUbYKPNP","http://pbs.twimg.com/media/DKq6bOSWAAEoN6X.jpg"
"912746715916226560","2017-09-26 18:32:29","Playa De San Antol√≠n https://t.co/lU1wqLRSCw","http://pbs.twimg.com/media/DKq6SY0XoAAsY3f.jpg"
"912746096014893058","2017-09-26 18:30:01","Hilly valley https://t.co/kc567A6FeU","http://pbs.twimg.com/media/DKq5t2EWkAIqDn2.jpg"
"912745999344586752","2017-09-26 18:29:38","Mountains piercing the clouds https://t.co/jWxHJffYyP","http://pbs.twimg.com/media/DKq5nzTXkAEv8Rz.jpg"
"912745894147248129","2017-09-26 18:29:13","Heading down to San Vicente https://t.co/jfvSWmhjWp","http://pbs.twimg.com/media/DKq5hKOX0AALapo.jpg"
"912745605637853185","2017-09-26 18:28:05","Looking inland https://t.co/PqTJKDsIOr","http://pbs.twimg.com/media/DKq5RD8WAAAmuol.jpg"
"912745514743074816","2017-09-26 18:27:43","Surf https://t.co/lpZnPlKFGB","http://pbs.twimg.com/media/DKq5LDjXUAAXrq6.jpg"
"912745355992813570","2017-09-26 18:27:05","* Mogro (auto correct)",""
"912745281434914817","2017-09-26 18:26:47","Parque Natural de Las Dunas de Liencres https://t.co/ihC7b5Zp41","http://pbs.twimg.com/media/DKq4-ryXUAYadz8.jpg"
"912744908355723264","2017-09-26 18:25:18","Looking across to Morro (I think). https://t.co/vYR6KgruBW","http://pbs.twimg.com/media/DKq4oGQWAAACEoE.jpg"
"912743320245424129","2017-09-26 18:19:00","That is the plan for tomorrow. But lots of climbs means my speed is low. Need to reach a campsite before dark and the reception closes.",""
"912742511747190784","2017-09-26 18:15:47","I can't seem to plan a route from Ribadesella to Cudillero that doesn't involve about 2000m of ascent. Can anyone do better?",""
"912569275461853184","2017-09-26 06:47:24","Although I enjoyed Senja, to the north of Lofoten, more. The weather helped ;)",""
"912567920936591360","2017-09-26 06:42:01","I've done two of these on this trip. https://t.co/5AADjR8Li0",""
"912410431876149249","2017-09-25 20:16:13","@odileeds Seen this? https://t.co/oaIQN3rtJS",""
"912402811383578624","2017-09-25 19:45:56","Watching the Spanish version of First Dates. It is on channel Cuatro!",""
"912397418037211136","2017-09-25 19:24:30","Chef Luis cooking a tasty Spanish dinner. https://t.co/2Wd1ZOg015","http://pbs.twimg.com/media/DKl8lKbWkAAJ6Zc.jpg"
"912331322395422721","2017-09-25 15:01:52","* mainland",""
"912330941326077952","2017-09-25 15:00:21","I just realised that I will also be visiting the northernmost, westernmost, and southernmost points of Spain.",""
"912330187681009664","2017-09-25 14:57:21","""...a bit of a sweet tooth"" - I definitely have this on my long rides. https://t.co/TV1E3uHfGG",""
"912328640586829826","2017-09-25 14:51:12","I've now been on the road for the same length of time as cycling from San Francisco to Boston in 2014. I've done about 40% more distance.",""
"912312957341749248","2017-09-25 13:48:53","People in the estuary https://t.co/UE7Uy4WJCV","http://pbs.twimg.com/media/DKkvxAvW4AA7lBv.jpg"
"912312712708984832","2017-09-25 13:47:55","Astillero https://t.co/ZAhfe4uyem","http://pbs.twimg.com/media/DKkvihbX0AAZkM1.jpg"
"912312501735477249","2017-09-25 13:47:05","Daniel, at Kronos bike shop, helping to sort things out. https://t.co/22S5KG7ZgF","http://pbs.twimg.com/media/DKkvVdZWsAAuzzK.jpg"
"912312259430543361","2017-09-25 13:46:07","Taped tyre to get me through yesterday afternoon https://t.co/Sx03BE7nyO","http://pbs.twimg.com/media/DKkvIpKWAAAVrA1.jpg"
"912311406300712960","2017-09-25 13:42:43","@tiger_tea I believe in you.",""
"912296537165848577","2017-09-25 12:43:38","RT @MSF_uk: #Mexico update: ‚ÄãWe are providing psychological support to those affected by the #earthquake that hit Mexico last Tuesday. http‚Ä¶",""
"912226250013409280","2017-09-25 08:04:21","@WoutervD It feels like a lifetime ago. So many hills since then.",""
"912226007188426753","2017-09-25 08:03:23","Yesterday https://t.co/it2C3e4b1X",""
"912225656699785223","2017-09-25 08:01:59","Current progress (slow): https://t.co/ePR7L71b67","http://pbs.twimg.com/media/DKjgYK_W4AE2Y82.jpg"
"912210621302804480","2017-09-25 07:02:14","@NpTbridge My bike ride has taken me over 2 Transporter Bridges (you and Getxo) and by the one in Rochefort!",""
"912206602006093824","2017-09-25 06:46:16","Heading from Somo to Pedre√±a yesterday afternoon. https://t.co/kpEyK78zH2","http://pbs.twimg.com/media/DKjPD8GX0AA9BZI.jpg"
"912201490676240384","2017-09-25 06:25:57","@Minkleontherun Congratulations! I hope you enjoyed your ride.",""
"912068866834141184","2017-09-24 21:38:57","Luis offered that I can stay tomorrow and do laundry. Seems like the right time for a 'rest' day (I'll cycle what I missed plus fix bike).",""
"912068054040838144","2017-09-24 21:35:44","@Sheena93930558 Not sure. Perhaps 20 km. But he recommended a bike shop on the way and I can do it without bags.",""
"911995150624280578","2017-09-24 16:46:02","I'll have to cycle back, to where he gave me a lift from, in the morning but I don't mind.",""
"911986439507890177","2017-09-24 16:11:25","He knows a good bike shop I can visit in the morning.",""
"911985964838457347","2017-09-24 16:09:32","My pannier rack broke. Whilst I was attempting a rough fix, a man from Parbay√≥n offered that I could stay at his house.",""
"911958307837022208","2017-09-24 14:19:38","For 26"" wheels.",""
"911958108368457734","2017-09-24 14:18:51","I wonder if I'll see a branch of the bank Santander before I reach the actual Santander.",""
"911957761403113473","2017-09-24 14:17:28","If anyone knows a bike shop in Santander that sells Schwalbe Marathon plus tyres, that would be great to know.",""
"911954869493420032","2017-09-24 14:05:58","I set off early this morning. https://t.co/0NvAh1oUCF","http://pbs.twimg.com/ext_tw_video_thumb/911953993483608065/pu/img/bL7UyFFVZ9cn5e9b.jpg"
"911948678805557249","2017-09-24 13:41:22","Ajo https://t.co/sgxEOLqZW1","http://pbs.twimg.com/media/DKfkPxkXoAAsSbi.jpg"
"911948266039840768","2017-09-24 13:39:44","Parque Natural de Las Marismas de Santo√±a, Victoria y Joyel. https://t.co/ec9hApjKq5","http://pbs.twimg.com/media/DKfj5AkXUAApi28.jpg"
"911947543139045376","2017-09-24 13:36:52","Festivities in Laredo https://t.co/v81chjX3KV","http://pbs.twimg.com/media/DKfjHnkW4AItDL3.jpg"
"911947542161747968","2017-09-24 13:36:51","Riding down into Laredo https://t.co/aMzvOymjaV","http://pbs.twimg.com/media/DKfjHBgXkAEWdi-.jpg"
"911947500973674496","2017-09-24 13:36:42","Heading towards Santo√±a https://t.co/N0ZRtJbuL1","http://pbs.twimg.com/media/DKfjZO1XcAAkM5V.jpg"
"911872475138490368","2017-09-24 08:38:34","It's hilly around here. https://t.co/G0QfcldCo3","http://pbs.twimg.com/media/DKefKQKXoAETFde.jpg"
"911872089208041472","2017-09-24 08:37:02","@SchwalbeUK @Cyclexperts Or marathon. 26 inch wheels. Thanks. I'm going to try to reach Santander by tonight.",""
"911860591135985664","2017-09-24 07:51:21","The cheap French tyre has worn now. Just had puncture #3. #notes",""
"911860176768110592","2017-09-24 07:49:42","@SchwalbeUK @Cyclexperts Sorry to bother you again. Do you know anywhere that has marathon plus tyres in stock near Santander, Spain?",""
"911696045465272320","2017-09-23 20:57:30","@Will_Mallott Yep",""
"911671338955427840","2017-09-23 19:19:19","@GBCycleEmbassy I saw this and thought of you. https://t.co/1YN8WIbb7K",""
"911639891905253376","2017-09-23 17:14:22","I now have to get it stamped every day. But apparently that can be done in shops and pubs as well as albergues.",""
"911639611390267393","2017-09-23 17:13:15","It seems I caused confusion. You can only use the albergue if you have a Camino passport. The nice people sorted me out with one.",""
"911632854286823424","2017-09-23 16:46:24","Very slow progress along Spain's north coast https://t.co/vEjzOCdpKQ","http://pbs.twimg.com/media/DKbFPU6WsAAVEc6.jpg"
"911632095713280000","2017-09-23 16:43:23","The price at the albergue is ""by donation"". That helps my stretched budget.",""
"911631778011602945","2017-09-23 16:42:07","So, thanks to a lack of any affordable options 20-30 km further on, I finished today much earlier than normal.",""
"911631486142599168","2017-09-23 16:40:58","In Pobe√±a I stopped to look at my phone to track down a site. A Spanish couple gestured to my left and said ""albergue"".",""
"911631007018864640","2017-09-23 16:39:04","I have had trouble finding non-extortionate camping sites. They are getting more expensive as I go along the coast.",""
"911622743468265472","2017-09-23 16:06:13","Excellent bike lanes (and separate footpath) north west of Bilbao. https://t.co/OdNZ5zZBpN","http://pbs.twimg.com/media/DKa8BgPX0AAWbeR.jpg"
"911622422956212224","2017-09-23 16:04:57","The Transporter Bridge was really good value. It was only 70 cents to cross with a bike. It is fast and leaves every 8 minutes.",""
"911622110904307712","2017-09-23 16:03:43","Transporter Bridge vertical panorama https://t.co/PclBEjT4Xi","http://pbs.twimg.com/media/DKa7dyjW4AAGZt9.jpg"
"911621966775320576","2017-09-23 16:03:08","The Transporter Bridge at Getxo https://t.co/AEptDfwRER","http://pbs.twimg.com/media/DKa7T7CXcAArTDW.jpg"
"911621793978478593","2017-09-23 16:02:27","Bilbao port https://t.co/sdz8xfIYrZ","http://pbs.twimg.com/media/DKa7KXnXUAAnq1q.jpg"
"911621612423794689","2017-09-23 16:01:44","Getxo https://t.co/4C1AHxEOCG","http://pbs.twimg.com/media/DKa6_Y8X0AAGMWS.jpg"
"911621484564664321","2017-09-23 16:01:13","Heading round towards Getxo. https://t.co/wfrJjhfrqw","http://pbs.twimg.com/media/DKa64RAW0AIk7-L.jpg"
"911621245048901632","2017-09-23 16:00:16","Looking back to Bakio as I head uphill again. https://t.co/zruOUwQQwH","http://pbs.twimg.com/media/DKa6poDX0AAqr7P.jpg"
"911539067648643072","2017-09-23 10:33:43","@chrisenorth It has been a really long time since I made it but it might work https://t.co/VjjeXnZf1b",""
"911537492557537282","2017-09-23 10:27:28","Bakio beach https://t.co/bOEP2Nkybm","http://pbs.twimg.com/media/DKZuf6UXcAIm1k4.jpg"
"911537149828374528","2017-09-23 10:26:06","Northern coast of Spain https://t.co/jwEh7UfuoT","http://pbs.twimg.com/media/DKZuLogWAAElUpf.jpg"
"911537028491304960","2017-09-23 10:25:37","The steps to San Juan de Gaztelugatxe https://t.co/wcakNePZxL","http://pbs.twimg.com/media/DKZuD0vWkAADQ9D.jpg"
"911536831526838272","2017-09-23 10:24:50","Cross https://t.co/cs3tNPaOS7","http://pbs.twimg.com/media/DKZt5jqWsAAwUHt.jpg"
"911536729290657793","2017-09-23 10:24:26","The coast to come https://t.co/qfMUrnO0RS","http://pbs.twimg.com/media/DKZtzsgXkAAsBvN.jpg"
"911536579902152704","2017-09-23 10:23:50","San Juan de Gaztelugatxe https://t.co/jlmuL0jUIZ","http://pbs.twimg.com/media/DKZtqK0XoAMF94e.jpg"
"911536263353823233","2017-09-23 10:22:35","San Juan de Gaztelugatxe from up high https://t.co/VvuuZTu7mG","http://pbs.twimg.com/media/DKZtYtYWsAE_lY3.jpg"
"911536262984732672","2017-09-23 10:22:35","San Juan de Gaztelugatxe https://t.co/p75CYRbwd2","http://pbs.twimg.com/media/DKZtYshXoAEYw4z.jpg"
"911536262976241664","2017-09-23 10:22:35","Bermeo https://t.co/vqyBIqtR9p","http://pbs.twimg.com/media/DKZtYtZWsAAgZLr.jpg"
"911500840233467904","2017-09-23 08:01:49","I visited the little supermarket in Mundaka to get supplies. I need to make the best of my budget now that accommodation is more expensive.",""
"911500307603103746","2017-09-23 07:59:42","I had breakfast thanks to a kind French lady I met.",""
"911344868546502656","2017-09-22 21:42:03","Today was a touch hilly. 2529m of elevation. https://t.co/ihJtKn2O4j","http://pbs.twimg.com/media/DKW_UTMX0AABBHY.jpg"
"911289172622761984","2017-09-22 18:00:44","Anyone good at Spanish? How much will the bridge cost me with a bike and what times does it run tomorrow? https://t.co/1XxLeQ5New",""
"911286801998008320","2017-09-22 17:51:19","Mundaka this evening. https://t.co/Xp4LGCXXWN","http://pbs.twimg.com/media/DKWKgN2W4AEtRz7.jpg"
"911286689489973249","2017-09-22 17:50:52","Lekeitio https://t.co/n19t7WSNFV","http://pbs.twimg.com/media/DKWKZS6XcAER421.jpg"
"911238439323959296","2017-09-22 14:39:08","Lekeitio https://t.co/eFI3hKVQ81","http://pbs.twimg.com/media/DKVef5RW4AI85jS.jpg"
"911238333505900545","2017-09-22 14:38:43","Ondarroa https://t.co/GfU5HunO3N","http://pbs.twimg.com/media/DKVeZT8XUAIEUNS.jpg"
"911238185316966401","2017-09-22 14:38:08","Nice views though https://t.co/featvq4RAE","http://pbs.twimg.com/media/DKVeQXVWAAESEao.jpg"
"911238039816548352","2017-09-22 14:37:33","My GPS took me on the Camino walking route. It is unsuitable for loaded bicycles so I had to get off and push up rough tracks.",""
"911237599062380544","2017-09-22 14:35:48","Spanish coast https://t.co/2Ru8C648an","http://pbs.twimg.com/media/DKVdu0ZW4AEKGkK.jpg"
"911237479289761792","2017-09-22 14:35:19","In Spain https://t.co/AXMF1DVO6T","http://pbs.twimg.com/media/DKVdn00W4AEoype.jpg"
"911186393921150978","2017-09-22 11:12:19","Michel, from France, who is cycling the Camino Santiago. https://t.co/Jn4N0GSfM0","http://pbs.twimg.com/media/DKUvKDCXUAAelXa.jpg"
"911185909479088128","2017-09-22 11:10:24","Donkeys! https://t.co/Q8HmTabhBQ","http://pbs.twimg.com/media/DKUut6PXoAANSwB.jpg"
"911185797327572992","2017-09-22 11:09:57","Spanish hills https://t.co/MgTlmMqJGz","http://pbs.twimg.com/media/DKUuoYHWAAE3itl.jpg"
"911185338781102080","2017-09-22 11:08:08","Up in the hills again https://t.co/LW6BiT8iRF","http://pbs.twimg.com/media/DKUuNsRXkAAdrBy.jpg"
"911185189346381824","2017-09-22 11:07:32","San Sebasti√°n https://t.co/RgqN0mgycG","http://pbs.twimg.com/media/DKUuFD7WkAA5Sed.jpg"
"911185058089914368","2017-09-22 11:07:01","San Sebasti√°n this morning https://t.co/G47D3yKmrY","http://pbs.twimg.com/media/DKUt9THW0AAHZ3V.jpg"
"911133142278377472","2017-09-22 07:40:43","Whilst looking for a supermarket this morning a security guard said ""Santiago?"" to me. Everyone assumes I'm doing the Camino.",""
"911112730668670976","2017-09-22 06:19:37","Today: many hills.",""
"911109076460953603","2017-09-22 06:05:06","RT @Chris_Boardman: Sorry to bang on...but when you have evidence on your side, what can you do...? üëá https://t.co/JxArHLjJl5",""
"910982308202795008","2017-09-21 21:41:22","@sarahkendrew I think all the current focus on people on bikes is probably classic British guilt transference.",""
"910981019578306561","2017-09-21 21:36:14","@sarahkendrew He missed going to the climbing wall on his 80th birthday. Also spent about 2 years arguing with insurance company.",""
"910980656020312064","2017-09-21 21:34:48","@sarahkendrew I think you get more points for failing to provide a specimen for a breath test.",""
"910979480067469313","2017-09-21 21:30:07","@sarahkendrew It was 4 years ago now. Out of hospital he spent 3 months out of action waiting for his broken ankle to heal.",""
"910978436566568960","2017-09-21 21:25:59","@sarahkendrew The car driver who was speeding, ran a red light and put my (then) 80 year old dad in hospital for a‚Ä¶ https://t.co/lAv1opEKlx",""
"910977559587966976","2017-09-21 21:22:30","So I go along the Atlantic coast of Spain rather than across the middle.",""
"910977332172779520","2017-09-21 21:21:35","My trip was inspired by #Eurovelo1 but I'm being more coast-y https://t.co/BfxYywGTPP","http://pbs.twimg.com/media/DKRxDKMWAAAT21h.jpg"
"910975979358707712","2017-09-21 21:16:13","@paulcconnell Hopefully not as behind as two weeks.",""
"910975598801104896","2017-09-21 21:14:42","Do Norwegian Coop extra value fishcakes count as ""best seafood""?",""
"910969503089135617","2017-09-21 20:50:29","Around 9100 km in total? Ha ha ha. https://t.co/U0l7WpcnyM","http://pbs.twimg.com/media/DKRp7d0W0AAec_h.jpg"
"910967349787971585","2017-09-21 20:41:55","@andreazonca (at least making rough blog posts that I can tidy up later)",""
"910967121085177856","2017-09-21 20:41:01","@andreazonca Thanks for collating my tweets. It has sped up blog post creation.",""
"910966803765096451","2017-09-21 20:39:45","@paulcconnell You've probably already realised but I'm at least a week behind schedule at the moment. It has been further than I thought.",""
"910964205192347653","2017-09-21 20:29:26","I just cycled around 1250 km along the coast of France.",""
"910959482603175937","2017-09-21 20:10:40","France: complete ‚úÖ https://t.co/wPsrC067jS","http://pbs.twimg.com/media/DKRgzlMXcAA0uS3.jpg"
"910958462154235905","2017-09-21 20:06:36","Today's elevation profile https://t.co/Su6rRPOPoj","http://pbs.twimg.com/media/DKRf4_yWsAAIViS.jpg"
"910956633349648384","2017-09-21 19:59:20","My bike is locked up down there. I hope it is OK overnight. https://t.co/PZQWlH86eW","http://pbs.twimg.com/media/DKReNcjXUAADszf.jpg"
"910956370601660416","2017-09-21 19:58:18","Having trouble finding campsites so I had to go for a hostel. That used up all of today's budget and some of tomorrow's.",""
"910954348599013381","2017-09-21 19:50:16","Looking west towards what is to come. https://t.co/XEpzzVbe0v","http://pbs.twimg.com/media/DKRcIwrX0AARgRA.jpg"
"910954131816370176","2017-09-21 19:49:24","Looking north up across the Bay of Biscay https://t.co/mnWPtrOPkS","http://pbs.twimg.com/media/DKRb7g8W4AA-BSb.jpg"
"910953894846623744","2017-09-21 19:48:27","View from the top back across to France. https://t.co/GHbQkJrzbG","http://pbs.twimg.com/media/DKRbt4hXkAIhE86.jpg"
"910953724666945537","2017-09-21 19:47:47","After a few days of flatness, I suddenly had to climb a 455m hill. Spain is giving me a taster of the next few days.",""
"910953288312541185","2017-09-21 19:46:03","Entering Spain https://t.co/lGNAkIMsDV","http://pbs.twimg.com/media/DKRbLIFXoAAeREX.jpg"
"910953168040841222","2017-09-21 19:45:34","I crossed my second land border of the trip. This one had a sign marking the occasion. I crossed the bridge into Spain.",""
"910952775781158912","2017-09-21 19:44:01","Saint Jean-de-Luz https://t.co/AQp5YTA4IA","http://pbs.twimg.com/media/DKRatFoW4AATXme.jpg"
"910952552241483777","2017-09-21 19:43:07","Loose gravel and a 30% gradient. I'm back in the land of bike route planners who hate people on bikes. https://t.co/OvqLpuEcUc","http://pbs.twimg.com/media/DKRafDaXcAE9q1q.jpg"
"910952296372195334","2017-09-21 19:42:06","View from Bidart https://t.co/8G7iTeoZJY","http://pbs.twimg.com/media/DKRaQpOWkAAS8Z3.jpg"
"910952046312017921","2017-09-21 19:41:07","Biarritz üö≤ and me https://t.co/eZVk9eUGKv","http://pbs.twimg.com/media/DKRaBgHW4AENAGQ.jpg"
"910951919501414400","2017-09-21 19:40:36","Biarritz https://t.co/JJU4RoTAUg","http://pbs.twimg.com/media/DKRZ69jWkAs_pbC.jpg"
"910951826912104448","2017-09-21 19:40:14","First glimpse of distant mountains https://t.co/pqosS1IqtC","http://pbs.twimg.com/media/DKRZ1uTWAAAWKXi.jpg"
"910951656099020800","2017-09-21 19:39:34","Biarritz https://t.co/8PWVAjrMkY","http://pbs.twimg.com/media/DKRZrWqXUAU_hUT.jpg"
"910951577573314570","2017-09-21 19:39:15","Near Biarritz https://t.co/meIkRgOinW","http://pbs.twimg.com/media/DKRZnJ3XcAEiyJW.jpg"
"910951419406110720","2017-09-21 19:38:37","I think this was Bayonne https://t.co/7uT9wK0mOC","http://pbs.twimg.com/media/DKRZd4EXUAMAdj_.jpg"
"910951074764398593","2017-09-21 19:37:15","The French war to put the most vegetables in soup. https://t.co/Gt4RieaZxO","http://pbs.twimg.com/media/DKRZE__WAAEWV8M.jpg"
"910937105748103168","2017-09-21 18:41:45","@Yodatheoak It was for the past three or four days.",""
"910826897524879360","2017-09-21 11:23:49","By ""great"" I mean ""this should be the default thing"".",""
"910826146790506496","2017-09-21 11:20:50","It'd be great if the women's Tour de Yorkshire had the same route, length, prize money, and TV coverage as the men's Tour de Yorkshire.",""
"910813394474799104","2017-09-21 10:30:09","A bike lane or an assault course? https://t.co/8MSsSeclbT","http://pbs.twimg.com/media/DKPb5UQXUAUWCef.jpg"
"910813270877069314","2017-09-21 10:29:40","Cap Breton https://t.co/PRqJxBvaJJ","http://pbs.twimg.com/media/DKPbzYjXoAAPWpI.jpg"
"910804125985714177","2017-09-21 09:53:20","@NoelAkers Which is why I'd created planned routes before I left.",""
"910801848633839616","2017-09-21 09:44:17","@NoelAkers It is to do with routing algorithms. They are not designed for my sort of trip. I have no expectations that they should be.",""
"910780939718004736","2017-09-21 08:21:12","It is frustrating when a campsite charges me the same amount as two people in a motorhome or caravan. I use fewer resources and less space.",""
"910600509253447681","2017-09-20 20:24:14","@Paulod372 I have the north coast of Spain then the length of Portugal then more Spain. Current guess is 20 days.",""
"910596534944894976","2017-09-20 20:08:26","Any guesses for the total distance to Tarifa? I think I underestimated.",""
"910592589832888320","2017-09-20 19:52:46","After a few days of flat riding in southern France, I'm expecting to be back to hilly ground in northern Spain. Progress will be slower.",""
"910592033374564353","2017-09-20 19:50:33","Hopefully I can reach Spain tomorrow. I passed the 9000 km mark today. https://t.co/EvlGsnycsq","http://pbs.twimg.com/media/DKMSjpMXcAAQWHl.jpg"
"910590868427563009","2017-09-20 19:45:55","The municipal campsite office was closed despite this being one of my earliest finishes. They don't open again until 10am.",""
"910590395024855041","2017-09-20 19:44:02","I visited the SuperU to get some supplies. I got some Orangina and chocolate gauffres as this is probably my last night in France.",""
"910589898477973504","2017-09-20 19:42:04","Despite the fact I'm cycling so close to the ocean, I've hardly seen it as the forest and dunes keep it hidden from sight.",""
"910589422915252226","2017-09-20 19:40:11","I've had to constantly ignore my GPS today as it likes to opt for longer routes. I'm doing a lot of manual route adjustment.",""
"910588473878482950","2017-09-20 19:36:24","I have ridden on roads occasionally since Royan to either reduce the kilometres or because the bike path went more inland than I liked.",""
"910588060315811840","2017-09-20 19:34:46","In fact, a video shows that. https://t.co/J7BV6h8W17","http://pbs.twimg.com/ext_tw_video_thumb/910581394442788865/pu/img/fNWCWOPkUPYzFjXY.jpg"
"910588000521908224","2017-09-20 19:34:31","This part of France has quite an extent of forest bike lanes near the ocean. Over the past 250km I've rarely been on roads.",""
"910585811023822849","2017-09-20 19:25:49","Forest trails https://t.co/ktvJD6Fe4o","http://pbs.twimg.com/media/DKMMTjyW4AAStV0.jpg"
"910567616976162817","2017-09-20 18:13:32","The 'river' is flowing backwards as the tide was coming in.",""
"910567399291842561","2017-09-20 18:12:40","Mimizan Plage https://t.co/clzQ5y0xwX","http://pbs.twimg.com/media/DKL7_ZDWAAEDW2g.jpg"
"910566185695145985","2017-09-20 18:07:50","She had read Anne Mustoe's books so we had a nice conversation about her as well as Lesley's cycle to Greece for the 2004 Olympics.",""
"910565525423616014","2017-09-20 18:05:13","She spotted my Yorkshire top and we had a chat outside the Intermarche. We then cycled together for a few miles.",""
"910565174456803334","2017-09-20 18:03:49","Lesley is cycling this bit of coast despite having had her leg broken by a horse back home.",""
"910564607508574211","2017-09-20 18:01:34","Lesley from the south of England. https://t.co/VVl59KZXXN","http://pbs.twimg.com/media/DKL5i2MX0AAHabk.jpg"
"910564433386237953","2017-09-20 18:00:53","Fruit? https://t.co/bRXaWuDd7x","http://pbs.twimg.com/media/DKL5N7mX0AAs3B3.jpg"
"910564432778063883","2017-09-20 18:00:52","Forest by the dunes https://t.co/ZfssCIVTTs","http://pbs.twimg.com/media/DKL5IH4XUAAUJTy.jpg"
"910564416894234624","2017-09-20 18:00:49","Church https://t.co/VShAjG6CBY","http://pbs.twimg.com/media/DKL5RXQXcAUkp_a.jpg"
"910390469192044544","2017-09-20 06:29:36","Dawn on day 95 üö≤ https://t.co/KC5VhwXiXg","http://pbs.twimg.com/media/DKJbS7zWAAArckk.jpg"
"910223734371430401","2017-09-19 19:27:04","(Longer than my original planned route that got lost on day 1)",""
"910223259576266753","2017-09-19 19:25:10","I'd originally hoped to reach Tarifa by the end of September. Irish and the UK coastlines were longer than expected so I'm 7-10 days behind",""
"910219660406263808","2017-09-19 19:10:52","@AstroSpanner I did cycle through a 7 km tunnel under the sea up near Honningsv√•g so that water crossing was pedalled. :)",""
"910219358781214720","2017-09-19 19:09:40","@AstroSpanner One water 'crossing' was by bus. I had to get a bus under the Atlantic in Norway in a tunnel they wou‚Ä¶ https://t.co/AEOuGwxg5u",""
"910218693929553923","2017-09-19 19:07:02","@AstroSpanner I have sometimes considered a pedalo but what would I do with it the rest of the time. It'd be a heav‚Ä¶ https://t.co/eaj2P51U2P",""
"910214127934722050","2017-09-19 18:48:53","People keep asking me where I am. This map should give a good idea.",""
"910213493617459202","2017-09-19 18:46:22","Yes, you can see the precise spot I'm camping in.",""
"910212458945671168","2017-09-19 18:42:15","@worldexplorer12 I certainly am. Doesn't make things unnecessarily hard. I hope it lasts.",""
"910211640565600265","2017-09-19 18:39:00","You can zoom into my progress map at https://t.co/avtYH7e156",""
"910211460604850176","2017-09-19 18:38:17","Current progress üö≤ https://t.co/1TDDstCfNi","http://pbs.twimg.com/media/DKG4esyW4AAZ8Xc.jpg"
"910207733609238529","2017-09-19 18:23:29","@Minkleontherun It was great to meet you both too. I hope you have a good cycle. Bon voyage.",""
"910207373435920384","2017-09-19 18:22:03","@EricaMazzanti Unfortunately not",""
"910205273045946368","2017-09-19 18:13:42","Long legs https://t.co/x231oCWqSu","http://pbs.twimg.com/media/DKGy2MQW0AAQdhP.jpg"
"910204921160638464","2017-09-19 18:12:18","Sand dunes panorama https://t.co/z1fe3L3EwN","http://pbs.twimg.com/media/DKGyiqkX0AADk0Y.jpg"
"910204649277415425","2017-09-19 18:11:13","Sunset dunes https://t.co/Bhuj8X5yJ5","http://pbs.twimg.com/media/DKGySO8WsAE8QnR.jpg"
"910204479580065792","2017-09-19 18:10:33","Faded footprints https://t.co/UPycbharzy","http://pbs.twimg.com/media/DKGyIGoW0AAkHVg.jpg"
"910204322146811904","2017-09-19 18:09:55","Sand dunes https://t.co/FrBcEXLTDN","http://pbs.twimg.com/media/DKGx_YcXoAAxZ5_.jpg"
"910204051954044928","2017-09-19 18:08:51","Sand dunes. https://t.co/sLNurERwoP","http://pbs.twimg.com/media/DKGxvpXXUAAFeB2.jpg"
"910203913500012545","2017-09-19 18:08:18","Steps up to the top of the dunes https://t.co/1lPGO9xppg","http://pbs.twimg.com/media/DKGxnYrX0AAnbcz.jpg"
"910203694729351168","2017-09-19 18:07:26","I've kept the detail of what is ahead of me as a surprise so I wasn't expecting ginormous sand dunes popping up fro‚Ä¶ https://t.co/0up0Pti8xx",""
"910202316766302209","2017-09-19 18:01:57","I cycled around 130 km on cycle lanes today. This bit of France has probably got the best cycle infrastructure of the trip so far.",""
"910201948175028224","2017-09-19 18:00:29","@rupertgm @Minkleontherun Thanks for the donation!",""
"910201833007788032","2017-09-19 18:00:02","I met the friendly @rupertgm and @Minkleontherun from the UK who are cycling the coast here. https://t.co/a37Gd44rcr","http://pbs.twimg.com/media/DKGvtooW4AEM4fX.jpg"
"910201276952203264","2017-09-19 17:57:49","Looking south https://t.co/ePdnWwULPO","http://pbs.twimg.com/media/DKGvNv_XkAAr2X2.jpg"
"910201198480908288","2017-09-19 17:57:31","90 degree tree https://t.co/2yxoy3H8zk","http://pbs.twimg.com/media/DKGvINXXUAAxQ9y.jpg"
"910200564566421504","2017-09-19 17:54:59","It has been a great day. ‚òÄ üö≤",""
"910200156926218241","2017-09-19 17:53:22","RT @Minkleontherun: @RTWbike great to meet you today. Good luck with your awesome ride. Have fun! üòÄüö¥üèª",""
"910200128098709504","2017-09-19 17:53:15","RT @rupertgm: @RTWbike Good luck, Stewart. Great to meet you today. Sounds like an epic trip!! https://t.co/GKqHBiPt5U","http://pbs.twimg.com/media/DKGLSefWsAEVK2V.jpg"
"910101843103141888","2017-09-19 11:22:42","Fresh baguette, brie, and tomatoes by the beach for lunch. This is what I survived all that rain for. https://t.co/oja2Tfl65A","http://pbs.twimg.com/media/DKFUyBiXUAAjbJa.jpg"
"910101434758287361","2017-09-19 11:21:05","Plage sud. https://t.co/60b6N6calg","http://pbs.twimg.com/media/DKFUZoaXcAA-iT-.jpg"
"910101301941370886","2017-09-19 11:20:33","This way to Spain. https://t.co/J0aRqqb4QG","http://pbs.twimg.com/media/DKFUSskXUAIIlDs.jpg"
"910101116523859968","2017-09-19 11:19:49","Lacanau Oc√©an https://t.co/EvO3QRlkz1","http://pbs.twimg.com/media/DKFUHcAXkAAgxED.jpg"
"910100995056836608","2017-09-19 11:19:20","Tunnel or Hobbit hole. https://t.co/MnHGoRS8aw","http://pbs.twimg.com/media/DKFT_C9W4AIRQ3n.jpg"
"910100873547862017","2017-09-19 11:18:51","Road through the forest https://t.co/8jrNt5AyHW","http://pbs.twimg.com/media/DKFT4hRXoAAk-wM.jpg"
"910100570404478976","2017-09-19 11:17:39","Sandy path off into the forest. Thankfully I was on a really nice bike path. https://t.co/i6eWL0uLF6","http://pbs.twimg.com/media/DKFTnAOXUAEGi4X.jpg"
"910099843619737600","2017-09-19 11:14:46","Last night https://t.co/RJkOpxYu4a","http://pbs.twimg.com/media/DKFS9kAX0AE_qs7.jpg"
"910095045205905408","2017-09-19 10:55:42","@pruss @zemogle @SchwalbeUK I'm in Lacanau Oc√©an. It depends how hard the hills along the north coast of Spain are. Perhaps in 10-12 days?",""
"910019636250529793","2017-09-19 05:56:03","@claireblue42 Yep. It was nice to look back yesterday.",""
"909849389165940736","2017-09-18 18:39:33","I've put lots of pictures from my trip on Flickr https://t.co/h5xCSDbcwv",""
"909840364412047362","2017-09-18 18:03:41","Will the total distance exceed the circumference of Europa? Perhaps the Moon?",""
"909839772910325760","2017-09-18 18:01:20","So far on this trip, I have effectively cycled around the circumference of Neptune's moon Triton. üåë",""
"909834503350358017","2017-09-18 17:40:24","RT @MrMarkBeaumont: Officially made it around the world in 78 days,14hrs &amp; 40 mins. Thx to all the supporters and support teams. https://t.‚Ä¶",""
"909801351567290370","2017-09-18 15:28:40","A picture of my bike with roadside flowers back in Norway https://t.co/B6WHTn3U9G","http://pbs.twimg.com/media/DKBDeqAWsAAisgt.jpg"
"909785868608704512","2017-09-18 14:27:08","Throwback to Day 0 before I left Kirkenes: https://t.co/YdL7sY6dGd",""
"909750547246407680","2017-09-18 12:06:47","It seems as though my portable SD card reader is finally working. Perhaps it needed 24 hours without rain.",""
"909718152048766976","2017-09-18 09:58:03","Meanwhile, this long distance bike rider is having a rest day. I'm eating baguette &amp; cheese and doing laundry. #glamorous",""
"909717009885286400","2017-09-18 09:53:31","Great to see @MrMarkBeaumont finishing his epic round-the-world trip. Inspiring.",""
"909715181458124800","2017-09-18 09:46:15","RT @MrMarkBeaumont: Just 100 miles to go from here to Paris!! #80days #ArtemisWorldCycle https://t.co/FUT11KMDN3","http://pbs.twimg.com/media/DJ_a2UqWAAAKqUk.jpg"
"909516845539053568","2017-09-17 20:38:08","My last four weeks of bike riding. https://t.co/t5cG5lnLJo","http://pbs.twimg.com/media/DJ9Av5XW0AEqet6.jpg"
"909511995690553344","2017-09-17 20:18:52","My dad asked me when I'd exceeded the distance I cycled from San Francisco to Boston. It was somewhere near Tramore in Ireland.",""
"909511033492054016","2017-09-17 20:15:02","Some good forest bike lanes this evening south of Soulac-sur-Mer.",""
"909508398219235329","2017-09-17 20:04:34","My last rest day was in Cardiff. That was 1675 km (1040 miles) ago. Having a rest day tomorrow so I can do laundry. https://t.co/4bWVoe4Way","http://pbs.twimg.com/media/DJ85Do7XoAE-8Ka.jpg"
"909497687048884224","2017-09-17 19:22:00","üá´üá∑üóΩüá∫üá∏üá™üá∫ üö≤ https://t.co/hS8RySFGCk","http://pbs.twimg.com/media/DJ8vTO5X0AA7qTk.jpg"
"909496172875862017","2017-09-17 19:15:59","Liberty üá´üá∑üóΩüá∫üá∏ https://t.co/BAdWEz5r3p","http://pbs.twimg.com/media/DJ8t70xWsAAM5-I.jpg"
"909495821615452160","2017-09-17 19:14:36","Golden bike lane https://t.co/LtxXFx0JIo","http://pbs.twimg.com/media/DJ8tmGTWsAETBl6.jpg"
"909495743882366976","2017-09-17 19:14:17","Sun through the trees https://t.co/FEucVUqfoc","http://pbs.twimg.com/media/DJ8tgrKW0AEQFlM.jpg"
"909495650496253953","2017-09-17 19:13:55","Bike lane by a railway track near Surlac-sur-Mer. https://t.co/YdpXNizXdc","http://pbs.twimg.com/media/DJ8tbVuXkAAXKeD.jpg"
"909495388381614083","2017-09-17 19:12:52","Air display üá´üá∑ and rainbow üåà https://t.co/AAS2q5Osxh","http://pbs.twimg.com/media/DJ8tNg0WkAA6e_R.jpg"
"909495172685340672","2017-09-17 19:12:01","Rain heading my way on the ferry https://t.co/L0r7zwvvuQ","http://pbs.twimg.com/media/DJ8tA9gX0AcVOrh.jpg"
"909495062387707904","2017-09-17 19:11:35","Royan rainbow üåà https://t.co/M7MWXe3Ezl","http://pbs.twimg.com/media/DJ8s7L7XoAUA9fl.jpg"
"909494889745993734","2017-09-17 19:10:53","Fishing on the Atlantic (north of Royan) https://t.co/hxQkAbWGjB","http://pbs.twimg.com/media/DJ8swKKWAAAbLH4.jpg"
"909494602264170501","2017-09-17 19:09:45","By the beach üö≤ https://t.co/lYp5plzY6q","http://pbs.twimg.com/media/DJ8sfFwWsAkQub1.jpg"
"909494263511207936","2017-09-17 19:08:24","Another bridge https://t.co/CxJFbn8LzR","http://pbs.twimg.com/media/DJ8sLulW4AYbOsx.jpg"
"909494054957781000","2017-09-17 19:07:34","Bike lane after the rain https://t.co/yTMwQFvRUJ","http://pbs.twimg.com/media/DJ8r_aYWkAEHrbE.jpg"
"909493867950505985","2017-09-17 19:06:50","Brouage https://t.co/QbqqAzZvU9","http://pbs.twimg.com/media/DJ8r01WXkAANaJr.jpg"
"909493680955904000","2017-09-17 19:06:05","Bike lane colours https://t.co/z0QtT2i6AW","http://pbs.twimg.com/media/DJ8ro8dX0AEU9Wt.jpg"
"909492893794086912","2017-09-17 19:02:58","Rochefort, like Newport, has a Transporter Bridge. I went over the other one though. https://t.co/a1yqFXVIDZ","http://pbs.twimg.com/media/DJ8q8WuW4AYshld.jpg"
"909492641632530432","2017-09-17 19:01:57","Taking flight https://t.co/9JsBnvxeZf","http://pbs.twimg.com/media/DJ8qtmRX0AAu0_9.jpg"
"909492495691735040","2017-09-17 19:01:23","Atlantic https://t.co/ydCxjf3ffj","http://pbs.twimg.com/media/DJ8qlC7XkAAb1t2.jpg"
"909447139218083841","2017-09-17 16:01:09","RT @MrMarkBeaumont: Est. arrival mid/late afternoon tomorrow. For updates follow live on https://t.co/Nbcb7yRmSi or view finish through Fac‚Ä¶",""
"909442138152292352","2017-09-17 15:41:17","Ferry++ https://t.co/UKe1oRMizr","http://pbs.twimg.com/media/DJ78x5tXkAA2psv.jpg"
"909364834986315782","2017-09-17 10:34:06","I have a special dislike of bike lane implementers who make you go up and down violent curbs. Make them smooth please.",""
"909309688155705344","2017-09-17 06:54:58","@chrisenorth Possibly a human handles it.",""
"909307256960880640","2017-09-17 06:45:18","@chrisenorth Yep",""
"909151220002062336","2017-09-16 20:25:16","Unless someone at Leeds Council recycling happens to spot a parcel and retrieves it, it is gone.",""
"909149845100916736","2017-09-16 20:19:48","Argh. Why put a parcel in a bin rather than with a neighbour or somewhere that doesn't get emptied regularly?",""
"909149364018450432","2017-09-16 20:17:54","I sent some stuff home from Cardiff. The postman put it in my dad's green wheely bin which then got emptied by the council. :(",""
"909137610160918528","2017-09-16 19:31:11","Actually it is an electrical storm. Lightning and thunder. ‚ö°",""
"909137335308124161","2017-09-16 19:30:06","I've been trying to find the energy to update my blog for the past few days. Text for today will be added later https://t.co/vK2cYk27bQ",""
"909135990694010881","2017-09-16 19:24:45","Now that I'm in my tent, the rain has finally caught up with me after I managed to just avoid it all day.",""
"909131535500156928","2017-09-16 19:07:03","@Schafernaker This had me worried on my üö≤ north of La Rochelle this afternoon. Luckily I managed to avoid it. https://t.co/3iYGJgWzQ9","http://pbs.twimg.com/media/DJ3iR_9WsAA_AF_.jpg"
"909130923609903107","2017-09-16 19:04:37","La Rochelle #2 https://t.co/aI1CXwV5g5","http://pbs.twimg.com/media/DJ3hu19WsAYIYlL.jpg"
"909130762552844288","2017-09-16 19:03:59","La Rochelle https://t.co/Zg45oHZlw1","http://pbs.twimg.com/media/DJ3hlY1W0AEpBJi.jpg"
"909130672501084161","2017-09-16 19:03:37","Crossing another bridge https://t.co/YDzRqyv3Mk","http://pbs.twimg.com/media/DJ3hf-cXoAEOi3Q.jpg"
"909130232464117760","2017-09-16 19:01:52","Flatlands https://t.co/bVgF1nUoSM","http://pbs.twimg.com/media/DJ3hHhLX0AA0l83.jpg"
"909130105443770368","2017-09-16 19:01:22","More threatening clouds I managed to avoid. https://t.co/3YlQNNBPCl","http://pbs.twimg.com/media/DJ3g_EpWAAUJdRd.jpg"
"909129930394537991","2017-09-16 19:00:40","Somehow my route managed to skirt around the storm as it headed east and I went south east. Good timing. https://t.co/ADrUmGknMo","http://pbs.twimg.com/media/DJ3g1iCXkAE00ZG.jpg"
"909129523488280577","2017-09-16 18:59:03","Heading towards the storm https://t.co/n2ncLuNIl9","http://pbs.twimg.com/media/DJ3gde9XUAAKo-B.jpg"
"909129400205086720","2017-09-16 18:58:34","Roundabout fountain with growing dark clouds https://t.co/4pKXQPEBuS","http://pbs.twimg.com/media/DJ3gWY8XUAEyfuB.jpg"
"909129245888253953","2017-09-16 18:57:57","They must like Linux around here https://t.co/vQfIz1Q4xi","http://pbs.twimg.com/media/DJ3gNE7W4AAeIRl.jpg"
"909129120994463745","2017-09-16 18:57:27","Late morning https://t.co/NdJWDmmCna","http://pbs.twimg.com/media/DJ3gGThXoAAKD3b.jpg"
"909128983765307392","2017-09-16 18:56:55","Shadow üö≤ https://t.co/f8P0On9uSw","http://pbs.twimg.com/media/DJ3f8T-XUAAKM1i.jpg"
"909128829830090753","2017-09-16 18:56:18","Near Port du Collet this morning https://t.co/s96X9nBEVj","http://pbs.twimg.com/media/DJ3f1PbWsAA2IkR.jpg"
"909127256764796928","2017-09-16 18:50:03","Current progress üö≤ https://t.co/kqLSymOdbm","http://pbs.twimg.com/media/DJ3eZfxXUAE4fyK.jpg"
"909117606216552448","2017-09-16 18:11:42","After all this time I will miss waving at @MrMarkBeaumont by 200 km. I'm in La Rochelle tonight. https://t.co/DxqKUVH7Zu","http://pbs.twimg.com/media/DJ3VnJBXcAIpjES.jpg"
"909117066678034432","2017-09-16 18:09:33","@MrMarkBeaumont So, having failed to intersect your route on time, I'll just have to wish you well for your last 2‚Ä¶ https://t.co/J87YFtYNMQ",""
"909115876573683719","2017-09-16 18:04:50","@MrMarkBeaumont I got as far as La Rochelle. Contemplated cycling through the night to Bordeaux but I'm low on food‚Ä¶ https://t.co/sGUz7NL6jB",""
"909092016025427968","2017-09-16 16:30:01","It is 193 km to Bordeaux. Hmm",""
"909091321331306496","2017-09-16 16:27:15","Reached La Rochelle. 169.9 km",""
"909071108560875520","2017-09-16 15:06:56","Can anyone tell me when the last ferry from Royan is tonight? Or timetable. Thanks",""
"909039186216472576","2017-09-16 13:00:05","100km done. 72km to La Rochelle.",""
"909001611514728448","2017-09-16 10:30:47","Managed 60km by 12. Rewarded myself with a strawberry mille fuille from a bakery. Yum.",""
"908942900314112000","2017-09-16 06:37:29","RT @StuartClarkeUK: @RTWbike Do the streets have names?",""
"908935213924913152","2017-09-16 06:06:56","Annoyingly I have to wait for the campsite office to open at 9am to pay for last night. I have blue skies to take advantage of.",""
"908934391824633856","2017-09-16 06:03:40","@MrMarkBeaumont You're doing amazingly Mark. üëã from up here SW of Nantes (5200 miles into my ride south along the A‚Ä¶ https://t.co/JKYNQ3DUTo",""
"908811072127283205","2017-09-15 21:53:39","Thanks to the anonymous person who donated ¬£50 to @MSF_uk. You presumably know who you are even if I don't. https://t.co/KohIMIW8v3",""
"908775176308969478","2017-09-15 19:31:00","If I push hard through the forecast rain tomorrow I might reach La Rochelle but Mark heads inland from Bordeaux.",""
"908774719264100352","2017-09-15 19:29:11","It would've been great to wave my Scottish flag at @MrMarkBeaumont as he headed north near Bordeaux. I probably won‚Ä¶ https://t.co/xpJVO0Cpnf",""
"908771253292556288","2017-09-15 19:15:25","Current progress üö≤ https://t.co/avtYH7e156 https://t.co/q1SODFq28X","http://pbs.twimg.com/media/DJyal8ZXUAEukqO.jpg"
"908756158353113089","2017-09-15 18:15:26","Coastline https://t.co/QrKMb14Cml","http://pbs.twimg.com/media/DJyMJ00XoAEISXV.jpg"
"908756148781768706","2017-09-15 18:15:24","Pornic https://t.co/QU8zsVvKAh","http://pbs.twimg.com/media/DJyMHmtWkAAVhcm.jpg"
"908756139013271553","2017-09-15 18:15:22","Atlantic coast of France https://t.co/aBj2muo0Vo","http://pbs.twimg.com/media/DJyL535XkAEZcF-.jpg"
"908756139009019906","2017-09-15 18:15:22","Pornic this evening https://t.co/t7sG6spvuo","http://pbs.twimg.com/media/DJyMHm5WsAAOdGK.jpg"
"908756068045611011","2017-09-15 18:15:05","Hey, it's a #Eurovelo1 sign! Heading towards St Michel Chef Chef this evening. https://t.co/CiCrRTUjzC","http://pbs.twimg.com/media/DJyL0ffXUAAhlmD.jpg"
"908754913722847235","2017-09-15 18:10:29","Pont Saint-Nazaire https://t.co/2Qsf6cTsDf","http://pbs.twimg.com/media/DJyLleYW0AQwpZS.jpg"
"908754689377947649","2017-09-15 18:09:36","Better photo after Pont Saint-Nazaire https://t.co/CzBoM1xMnd","http://pbs.twimg.com/media/DJyLhhrX0AEdpYm.jpg"
"908754010944999424","2017-09-15 18:06:54","Just having gone over the Pont Saint-Nazaire https://t.co/OJdZZ3t84Z","http://pbs.twimg.com/media/DJyK6lpXoAAcl-x.jpg"
"908753520152674304","2017-09-15 18:04:57","Le Barrage nearly passable https://t.co/RpRh2gsGgP","http://pbs.twimg.com/media/DJyKbXTWsAAQZ2p.jpg"
"908753255857049602","2017-09-15 18:03:54","*Le Barrage (grr autocorrect)",""
"908753074856038400","2017-09-15 18:03:11","Waiting for the bridge at Least Barrage. https://t.co/XZkLS4iGyt","http://pbs.twimg.com/media/DJyKEJGXUAAdt0q.jpg"
"908752921323597825","2017-09-15 18:02:34","Group of Yorkshire folk who (very nicely) mobbed me in Vannes. https://t.co/Oe9G92eaQ9","http://pbs.twimg.com/media/DJyJ7AkWsAIi8Nb.jpg"
"908752682575368193","2017-09-15 18:01:37","Chickens on the campsite last night https://t.co/8hXVD9UNUd","http://pbs.twimg.com/media/DJyJU66WkAARvVk.jpg"
"908752506695700480","2017-09-15 18:00:56","Blue skies this morning. Yes! https://t.co/wJRmBfcS2D","http://pbs.twimg.com/media/DJyJandXUAAnXAL.jpg"
"908752423275171840","2017-09-15 18:00:36","Bono https://t.co/eNpg5003vT","http://pbs.twimg.com/media/DJyJLD-WAAA-VNE.jpg"
"908752017828585472","2017-09-15 17:58:59","Bridge into Bono https://t.co/r2zXXVfJIn","http://pbs.twimg.com/media/DJyJHLrW4AAy5Vw.jpg"
"908752008185860097","2017-09-15 17:58:57","Heading towards Bono yesterday evening. https://t.co/uT27JwdGo4","http://pbs.twimg.com/media/DJyJC2DW0AEIOnC.jpg"
"908751870763655169","2017-09-15 17:58:24","Heading towards Saint Anne d'Aurey yesterday https://t.co/KQOALTIhF8","http://pbs.twimg.com/media/DJyI54JWkAAwjzZ.jpg"
"908751761074196481","2017-09-15 17:57:58","Village church in Brittany https://t.co/Jt020AWUHv","http://pbs.twimg.com/media/DJyIxydXkAAQR04.jpg"
"908751685438382080","2017-09-15 17:57:40","Unfortunate place name yesterday https://t.co/g3VdpBer7o","http://pbs.twimg.com/media/DJyIwugXkAAhjDj.jpg"
"908702715206914048","2017-09-15 14:43:04","I survived the Pont Saint Nazaire. It was OK actually.",""
"908665876127338497","2017-09-15 12:16:41","#notes I'm heading for Pont Saint-Nazaire. It has a cycle lane. Some of the Internet say avoid. Some say just take care.",""
"908665298634584064","2017-09-15 12:14:24","@SchwalbeUK @Cyclexperts I had to just get a generic replacement from an Intersport as it was late and raining and I didn't know. :(",""
"908664653223546880","2017-09-15 12:11:50","Arrived at Le Barrage but it is up as lots of sailing boats make their way through.",""
"908651605645504512","2017-09-15 11:19:59","As I said goodbye to my cycling companions of yesterday in Vannes, I was mobbed by a group of Yorkshire tourists. :)",""
"908588193578209280","2017-09-15 07:08:00","It is a lovely morning. It is a shame the forecast for this afternoon is bad.",""
"908435466428588033","2017-09-14 21:01:07","I am sad that the @warmshowers website has refused to work for me since Norway.",""
"908434632651177986","2017-09-14 20:57:48","RT @willwrite4cake: My ride with @MrMarkBeaumont : 'If you don‚Äôt have the ability to suffer, you are not going to make it' | Cyclist https:‚Ä¶",""
"908429290760556544","2017-09-14 20:36:35","There appears to be a war in the French supermarket aisles over the most vegetables in soup. ""8 veg soup"", ""10 veg soup"", 15 veg soup"".",""
"908422441562705920","2017-09-14 20:09:22","@AstroSpanner Anyway I spent time this morning cleaning the dirt, changing the tyre, and adjusting the brakes. Hope‚Ä¶ https://t.co/XmtkYewlcS",""
"908421975110033409","2017-09-14 20:07:31","@AstroSpanner Yes. Not always my top priority when cold wet and exhausted by the side of the road needing to reach‚Ä¶ https://t.co/m5JoUi7JEO",""
"908421391376142336","2017-09-14 20:05:12","@AstroSpanner It is definitely wear rather than a thorn or sharp object.",""
"908421200782745600","2017-09-14 20:04:26","@AstroSpanner It has been more than one rim with this tyre. Also could be v-brakes rubbing on it.",""
"908420825010843648","2017-09-14 20:02:56","8000 miles = 2900 miles (Liverpool to Istanbul) + 5000 miles (Kirkenes to Roscoff) + unknown commuting milage.",""
"908419824912621568","2017-09-14 19:58:58","@AstroSpanner ?",""
"908419736224112641","2017-09-14 19:58:37","I ended up cycling with them for the rest of the afternoon/evening and shared food and drink at a campsite.",""
"908419470225543173","2017-09-14 19:57:33","Met Manu and Fleur who are cycling around Brittany as a practice for a future cycle through Europe, Africa, and the‚Ä¶ https://t.co/wNY27kM38h",""
"908419024433926144","2017-09-14 19:55:47","Thanks to Martin, and the nice people at Lorient's Sykell community bike workshop, for the orange juice and route a‚Ä¶ https://t.co/blk26Pa3EL",""
"908418661572136960","2017-09-14 19:54:21","French countryside https://t.co/yvR1wS9kt4","http://pbs.twimg.com/media/DJtZ6-gX0AAe1Oi.jpg"
"908418541224972288","2017-09-14 19:53:52","Pont-Aven https://t.co/x5qXlCpOlI","http://pbs.twimg.com/media/DJtZ0mJXkAEidOK.jpg"
"908418273569574912","2017-09-14 19:52:48","Concarneau this morning. Whoever chased off the rain for me: thanks. https://t.co/xMtzO3YiPE","http://pbs.twimg.com/media/DJtZlT3W0AAAint.jpg"
"908418059286859777","2017-09-14 19:51:57","The cause of my punctures. It had travelled about 8000 miles, to be fair. https://t.co/RTxYdgDDbi","http://pbs.twimg.com/media/DJtZYWnXoAADf9z.jpg"
"908069989814558722","2017-09-13 20:48:51","Ha ha. My Top Trumps is rubbish compared to @MrMarkBeaumont https://t.co/nQx5yt9DlL","http://pbs.twimg.com/media/DJoczyrXgAAZ28O.jpg"
"908059164198555651","2017-09-13 20:05:50","No more photos today. Too rainy.",""
"908056822443134976","2017-09-13 19:56:32","View from Pont de T√©r√©nez #2 https://t.co/eX9wK9cqsW","http://pbs.twimg.com/media/DJoQ0B_XkAItkcG.jpg"
"908056778713288707","2017-09-13 19:56:21","View from Pont de T√©r√©nez in the rain https://t.co/wglnG8najZ","http://pbs.twimg.com/media/DJoQwyQWAAEuCa-.jpg"
"908054065720033280","2017-09-13 19:45:34","@MrMarkBeaumont Because he is super fast.",""
"908053548113580033","2017-09-13 19:43:31","It's a pity I'm a week behind as I would have passed @MrMarkBeaumont going north as I rode south. As it is he'll beat me to Bordeaux.",""
"908052746275889154","2017-09-13 19:40:20","@EmmaMBearman üöï",""
"908050532073443328","2017-09-13 19:31:32","Can someone send the tail of Storm Aileen away from me? I'd like some dry weather. Thanks.",""
"908046454626930689","2017-09-13 19:15:20","I'm in Concarneau but I keep remembering it as Carcassonne.",""
"908045667356069888","2017-09-13 19:12:12","@chrisenorth Little bits today have reminded me of the Welsh and Cornish coasts. But flatter.",""
"908044688774582272","2017-09-13 19:08:19","Had to push really hard for the last 2 hours to reach the youth hostel before the reception closed. Made it with 8 minutes to spare.",""
"908044200222117890","2017-09-13 19:06:22","Everything is wet and covered in mud/spray from bike paths/roads. Hopefully I can dry out over night.",""
"908043791378116611","2017-09-13 19:04:45","It has been a hard day. Constant rain. Puncture. Managed to get to an Intersport for a new (non Schwalbe) tyre. Reached a youth hostel.",""
"907960412007800832","2017-09-13 13:33:25","@SchwalbeUK Near. Not in.",""
"907959977339432960","2017-09-13 13:31:42","Puncture 2 :(\nI need to find a new @SchwalbeUK marathon plus tyre near Quimper.",""
"907886380768022528","2017-09-13 08:39:15","Still raining. The campsite lady said (in French) ""well, it's Brittany"". As everyone has done in each country on this trip.",""
"907861824065982465","2017-09-13 07:01:40","üåßüåßüåß",""
"907835038871547906","2017-09-13 05:15:14","It is so windy. Now it is raining again. I don't want to leave my tent.",""
"907714240613699585","2017-09-12 21:15:14","Solved by @andreazonca. Thanks Andrea. https://t.co/awyPSbG46D",""
"907713917639688193","2017-09-12 21:13:57","@andreazonca Is it possible to replace newline characters within tweets with \n? I know it is already valid csv but it'd help.",""
"907705727229231104","2017-09-12 20:41:24","@andreazonca From now on will work.",""
"907697431810363395","2017-09-12 20:08:26","RT @SchwalbeUK: @RTWbike üò¨Must have awakened the puncture fairy! If you inadvertently say the P word the antidote is spin round 3 times whi‚Ä¶",""
"907696495759163394","2017-09-12 20:04:43","It'd be great if anyone I know *with experience of automatically grabbing tweets* could make me a daily updating csv file of my tweets.",""
"907691662318751745","2017-09-12 19:45:31","Distance cycled today: 98.4 km (61.1 miles)\nDistance cycled since Kirkenes: 8080.4 km (5020.0 miles)\nPunctures: 1\nFerries: 40",""
